{
"type": "FeatureCollection",
"name": "camden_boundary",
"crs": { "type": "name", "properties": { "name": "urn:ogc:def:crs:EPSG::27700" } },
"features": [
{ "type": "Feature", "properties": { "bbox_west": -0.2135115, "bbox_south": 51.5126591, "bbox_east": -0.1053162, "bbox_north": 51.5729604, "place_id": 281652535, "osm_type": "relation", "osm_id": 51827, "lat": 51.5427966, "lon": -0.1624803, "class": "boundary", "type": "administrative", "place_rank": 16, "importance": 0.56626164583788652, "addresstype": "city_district", "name": "London Borough of Camden", "display_name": "London Borough of Camden, Greater London, England, United Kingdom" }, "geometry": { "type": "Polygon", "coordinates": [ [ [ 523950.988729711389169, 185545.748542552813888 ], [ 523954.203333626384847, 185541.365060688694939 ], [ 523958.155062652542256, 185536.053775465814397 ], [ 523964.245440276572481, 185527.812649752071593 ], [ 523969.42228496511234, 185520.90673058637185 ], [ 523976.850074134767056, 185511.018085147603415 ], [ 523981.086339360859711, 185505.135153895826079 ], [ 523985.978588675905485, 185497.955245033372194 ], [ 523995.29962601151783, 185484.963886729441583 ], [ 523999.636790941527579, 185478.927654251921922 ], [ 524010.796718584490009, 185462.220265782438219 ], [ 524022.420095335284714, 185444.433761283871718 ], [ 524025.460555775440298, 185439.801266616384964 ], [ 524032.260970651404932, 185429.763836424972396 ], [ 524041.551655106362887, 185416.037419010419399 ], [ 524049.740394841181114, 185403.975413916574325 ], [ 524053.870800608303398, 185397.889660774904769 ], [ 524057.992380544426851, 185391.881585207767785 ], [ 524063.895087483455427, 185383.101875447726343 ], [ 524078.995711710362229, 185364.399045789032243 ], [ 524082.900394650408998, 185359.887855812732596 ], [ 524104.181552911468316, 185334.103536517533939 ], [ 524122.727067264262587, 185312.402834838780109 ], [ 524141.864330524578691, 185290.338345276890323 ], [ 524158.917413724411745, 185270.960224315291271 ], [ 524168.493448926194105, 185260.056177839636803 ], [ 524168.900585208961274, 185259.576542138762306 ], [ 524180.286282938788645, 185246.72502323059598 ], [ 524185.466933950665407, 185240.820845115056727 ], [ 524189.045406774734147, 185236.891489571891725 ], [ 524199.29990473279031, 185225.481120024167467 ], [ 524208.570235923747532, 185215.170530741102993 ], [ 524231.018526803643908, 185190.216421084478498 ], [ 524256.983652488910593, 185160.463661303103436 ], [ 524265.997970990138128, 185150.135773808520753 ], [ 524277.051056974625681, 185138.422412738786079 ], [ 524298.132893768022768, 185116.038882842927705 ], [ 524306.681182288797572, 185106.901386664249003 ], [ 524325.974667468690313, 185085.319832079403568 ], [ 524346.883665314875543, 185061.797280974860769 ], [ 524367.594762037275359, 185038.715048265468795 ], [ 524383.958602067898028, 185020.355565628677141 ], [ 524391.269418589421548, 185011.621836783597246 ], [ 524396.749519264209084, 185005.124326905352063 ], [ 524401.187149457167834, 184999.836392271099612 ], [ 524407.635440435144119, 184991.482124810048845 ], [ 524419.138265220797621, 184976.731217864726204 ], [ 524428.018491372582503, 184964.542064535373356 ], [ 524436.978567708516493, 184952.21022917481605 ], [ 524441.403001014143229, 184946.332261060539167 ], [ 524455.922739945934154, 184926.247571654617786 ], [ 524468.85226587112993, 184908.494020786194596 ], [ 524498.168057563365437, 184867.263386775157414 ], [ 524508.296279164031148, 184852.857273777248338 ], [ 524516.375022979336791, 184841.683431830140762 ], [ 524525.178120587137528, 184828.980688730604015 ], [ 524538.291758396895602, 184809.963312320527621 ], [ 524554.550254530506209, 184786.338575192377903 ], [ 524563.49575276253745, 184773.494732464721892 ], [ 524580.555036791134626, 184748.910526334773749 ], [ 524604.179219849058427, 184714.929234947136138 ], [ 524616.344462396227755, 184697.546716128301341 ], [ 524636.39108979771845, 184669.141490171896294 ], [ 524647.506941784638911, 184653.535883185162675 ], [ 524651.619580075494014, 184647.661552344681695 ], [ 524651.821912265499122, 184647.332704107509926 ], [ 524655.561179284122773, 184641.972187175939325 ], [ 524663.434192570624873, 184630.72674167068908 ], [ 524666.06638176960405, 184626.941364364756737 ], [ 524675.840380289009772, 184612.871798273117747 ], [ 524680.701157095609233, 184606.481756496184971 ], [ 524683.349423282663338, 184602.607764374290127 ], [ 524689.308992499602027, 184593.852365204656962 ], [ 524711.815050756442361, 184561.668927086109761 ], [ 524724.002589564421214, 184543.408138356229756 ], [ 524742.838892376981676, 184517.154492191562895 ], [ 524768.902539860806428, 184479.417199035349768 ], [ 524779.993092739605345, 184463.744469201017637 ], [ 524784.214682391029783, 184457.683750496653374 ], [ 524806.300976342288777, 184426.536332501040306 ], [ 524814.781590896425769, 184414.026405091339257 ], [ 524824.901614697300829, 184399.743060991808306 ], [ 524831.645437041996047, 184390.150298928085249 ], [ 524840.358916713856161, 184377.768535593815614 ], [ 524849.21447805990465, 184364.689264202257618 ], [ 524863.983154312008992, 184343.076194755209144 ], [ 524885.916225772583857, 184312.837754569482058 ], [ 524892.305941660888493, 184306.084926987707149 ], [ 524897.021946420078166, 184301.371724295895547 ], [ 524913.089156281668693, 184282.550284965487663 ], [ 524962.091375063406304, 184218.394774705986492 ], [ 524999.997500373516232, 184172.103897557011805 ], [ 525000.094579592114314, 184172.106287705013528 ], [ 525096.621764520416036, 184050.748742567142472 ], [ 525134.194986892398447, 184004.550724429369438 ], [ 525143.522142379079014, 183992.663029823510442 ], [ 525147.614119979320094, 183987.389425440051127 ], [ 525151.821169373579323, 183981.9517516765045 ], [ 525161.982688758755103, 183968.871783759153914 ], [ 525178.418304744292982, 183948.135179813019931 ], [ 525184.768214520998299, 183939.935166062088683 ], [ 525187.819862879579887, 183935.770921784744132 ], [ 525194.540465710335411, 183926.890169074875303 ], [ 525207.375845958129503, 183909.781383967434522 ], [ 525212.028517994447611, 183903.442309433885384 ], [ 525220.374763495754451, 183891.953389770642389 ], [ 525228.280205563409254, 183881.176882589992601 ], [ 525245.611456226790324, 183857.346933893975802 ], [ 525264.246633789269254, 183832.70353476254968 ], [ 525287.372598048648797, 183801.828464243735652 ], [ 525316.988466597278602, 183761.889154401491396 ], [ 525351.113463622052222, 183715.273681040212978 ], [ 525386.217582122306339, 183669.216701459430624 ], [ 525406.527063194662333, 183642.300648557313252 ], [ 525429.84572912636213, 183612.120817160641309 ], [ 525445.055884882924147, 183593.04607425769791 ], [ 525446.297127928235568, 183591.396519810310565 ], [ 525447.474033381557092, 183589.823267130588647 ], [ 525476.17567823198624, 183554.123960671888199 ], [ 525488.616350109339692, 183537.618068516079802 ], [ 525511.721180169726722, 183507.143986208422575 ], [ 525517.835043102735654, 183499.272335510584526 ], [ 525524.693105541635305, 183488.525995329488069 ], [ 525529.365567150060087, 183481.698073753912468 ], [ 525530.52336609759368, 183480.057602602697443 ], [ 525532.161492642364465, 183477.794750599074177 ], [ 525536.241645173518918, 183471.909138662507758 ], [ 525540.943926419364288, 183465.560436752508394 ], [ 525544.202479637344368, 183461.190083612396847 ], [ 525548.190088276751339, 183455.680519884510431 ], [ 525552.281795475515537, 183450.451714626979083 ], [ 525557.514981308137067, 183443.682188781735022 ], [ 525560.151071612490341, 183440.631728113628924 ], [ 525562.75899654335808, 183438.159190756909084 ], [ 525566.393860571784899, 183434.28775537724141 ], [ 525571.559742923709564, 183429.118906727642752 ], [ 525575.279889151104726, 183425.728059033048339 ], [ 525579.776119566406123, 183421.822296114405617 ], [ 525581.265250873053446, 183420.53497464110842 ], [ 525584.913702111458406, 183417.79887008148944 ], [ 525589.355684421956539, 183414.403628448839299 ], [ 525595.459092693869025, 183409.769843163026962 ], [ 525612.25387179502286, 183397.099554053449538 ], [ 525619.572376292431727, 183392.440215403912589 ], [ 525629.375751224695705, 183385.516755736316554 ], [ 525631.871845109621063, 183383.920540454564616 ], [ 525638.800300591741689, 183379.040160404460039 ], [ 525650.695763973053545, 183369.742750873498153 ], [ 525658.794067254639231, 183363.300139919272624 ], [ 525659.388193611288443, 183362.847495035035536 ], [ 525665.215027477941476, 183357.617199209576938 ], [ 525670.140167560428381, 183353.210269843402784 ], [ 525676.141783679020591, 183347.928674500319175 ], [ 525677.98763701505959, 183346.249625290220138 ], [ 525681.160294809378684, 183342.834174034185708 ], [ 525683.295621402328834, 183340.394507795164827 ], [ 525687.747976844664663, 183335.464038383797742 ], [ 525692.708938283263706, 183329.611468609247822 ], [ 525702.294033295940608, 183317.497422774555162 ], [ 525703.177092249854468, 183316.306406096729916 ], [ 525722.077206962509081, 183293.462592169118579 ], [ 525724.306863472564146, 183290.858367630862631 ], [ 525724.586706316913478, 183290.486967675853521 ], [ 525728.078793301363476, 183293.232842549623456 ], [ 525728.81680908985436, 183293.696205318847205 ], [ 525753.982418077997863, 183313.502750563784502 ], [ 525778.293801843537949, 183332.487106893444434 ], [ 525780.416881434852257, 183334.186529956292361 ], [ 525782.738981513539329, 183336.536266486102249 ], [ 525784.267542721237987, 183338.14307510969229 ], [ 525785.881354356883094, 183340.230469511239789 ], [ 525788.589921959326603, 183344.347894119389821 ], [ 525789.868303542840295, 183346.248944819439203 ], [ 525793.612780534545891, 183352.250290251395199 ], [ 525803.274105237913318, 183367.32230288424762 ], [ 525814.385833497042768, 183384.911657568358351 ], [ 525824.60392375534866, 183400.754166902857833 ], [ 525838.296252791886218, 183421.734584594378248 ], [ 525853.369903296697885, 183445.775904203474056 ], [ 525863.866296287975274, 183461.859074639796745 ], [ 525872.910054865526035, 183475.792074927303474 ], [ 525894.73730072483886, 183508.435440240253229 ], [ 525905.2940364346141, 183525.432643944513984 ], [ 525917.562430544407107, 183545.320907347369939 ], [ 525928.1809120682301, 183562.6201344015426 ], [ 525938.97962987551, 183579.923857110610697 ], [ 525953.585365871083923, 183603.486566784151364 ], [ 525966.396343636908568, 183624.145081981900148 ], [ 525980.657437037443742, 183646.764637276064605 ], [ 525996.480708301067352, 183671.581700899754651 ], [ 525999.974436831078492, 183677.321071126032621 ], [ 526005.574417785974219, 183685.149009989458136 ], [ 526005.736164584406652, 183685.342188194044866 ], [ 526006.619562746258453, 183686.654879082227126 ], [ 526008.367688761441968, 183688.634413383202627 ], [ 526009.762061318382621, 183690.048803556303028 ], [ 526010.791330842999741, 183691.075804783613421 ], [ 526011.679658327600919, 183691.910144111257978 ], [ 526012.764682301552966, 183692.92740205914015 ], [ 526013.624993538600393, 183693.772173818841111 ], [ 526015.733729239553213, 183695.760659994150046 ], [ 526018.787371538579464, 183698.540382646664511 ], [ 526022.49768779205624, 183701.981789583980571 ], [ 526030.761670218664221, 183709.553183647745755 ], [ 526037.949965078150854, 183715.451047771435697 ], [ 526043.409877446945757, 183719.692557241593022 ], [ 526047.465733167016879, 183722.630704043607693 ], [ 526053.850484280381352, 183727.073220449790824 ], [ 526059.352742349961773, 183730.726051043486223 ], [ 526065.278570671100169, 183734.367149263969623 ], [ 526071.071215712931007, 183737.78240148484474 ], [ 526075.884043502621353, 183740.694857326510828 ], [ 526081.899725429131649, 183744.349334272323176 ], [ 526088.701582823763601, 183748.479561336804181 ], [ 526103.817453888128512, 183757.879203992488328 ], [ 526128.891564851393923, 183771.999433886958286 ], [ 526148.491230158135295, 183783.302096130850259 ], [ 526157.743529133498669, 183788.227703535056207 ], [ 526169.585404337034561, 183794.775501271884423 ], [ 526175.601759419310838, 183798.118546076351777 ], [ 526190.468955106916837, 183806.343909680319484 ], [ 526202.950150971882977, 183813.130224317137618 ], [ 526208.720958616700955, 183816.300297050562222 ], [ 526213.472304275026545, 183818.888668701576535 ], [ 526221.880051803193055, 183823.170274234609678 ], [ 526232.515031410614029, 183828.575489555252716 ], [ 526244.171649453463033, 183834.473477629944682 ], [ 526251.972664372995496, 183838.317210763809271 ], [ 526261.095474778558128, 183842.861465490364935 ], [ 526279.946855411631986, 183851.864945429668296 ], [ 526301.238130816142075, 183861.808249666413758 ], [ 526307.69176126876846, 183865.140080390381627 ], [ 526317.746212027268484, 183869.607470344461035 ], [ 526322.125159709248692, 183871.541297160845716 ], [ 526324.98480508918874, 183872.625031599600334 ], [ 526331.081625337712467, 183874.957681548548862 ], [ 526339.344025763683021, 183877.822699265379924 ], [ 526353.210808899835683, 183882.173602702328935 ], [ 526366.219824661733583, 183885.301442538737319 ], [ 526374.19782432820648, 183887.324888560047839 ], [ 526382.716428990010172, 183889.094746841175947 ], [ 526391.412560834316537, 183890.980312360799871 ], [ 526401.440705311833881, 183893.154982037958689 ], [ 526410.639163914136589, 183894.930685310508125 ], [ 526417.942748637171462, 183895.613254799274728 ], [ 526423.649666565703228, 183895.488291215559002 ], [ 526428.636490191915073, 183895.300894222920761 ], [ 526429.824805558775552, 183895.230337073793635 ], [ 526433.988900019670837, 183894.922313006187323 ], [ 526437.910559640615247, 183894.597127907443792 ], [ 526443.637696131132543, 183893.66039256833028 ], [ 526453.490659717237577, 183892.559358133818023 ], [ 526458.945145722711459, 183891.983052629162557 ], [ 526465.609031225787476, 183891.325601872813422 ], [ 526470.860476777190343, 183890.822143456956837 ], [ 526473.573575596790761, 183890.544774282083381 ], [ 526476.728553138789721, 183890.356305021443404 ], [ 526483.581073769833893, 183889.926123816287145 ], [ 526493.394682059530169, 183889.291535286931321 ], [ 526500.261629855725914, 183888.839481151022483 ], [ 526519.587600899161771, 183886.850728918565437 ], [ 526544.350071058492176, 183884.452297440846451 ], [ 526571.146083676372655, 183881.759728677861858 ], [ 526609.095559771289118, 183878.410703860863578 ], [ 526640.414720703149214, 183875.486337359121535 ], [ 526672.864556062733755, 183872.301058342505712 ], [ 526682.163407616666518, 183871.442569817532785 ], [ 526698.439389409031719, 183869.890256963728461 ], [ 526709.717413869337179, 183868.691746458061971 ], [ 526722.888339476194233, 183867.27344556740718 ], [ 526738.04204345762264, 183865.648739671625663 ], [ 526735.199251005309634, 183838.872046874137595 ], [ 526732.528438088251278, 183809.651625065889675 ], [ 526730.526595671544783, 183784.487145721737761 ], [ 526727.481528961565346, 183753.298970704199746 ], [ 526725.945251248544082, 183737.281701366126072 ], [ 526725.905894219060428, 183734.688038010732271 ], [ 526726.026861045509577, 183732.899547750479542 ], [ 526726.376963247894309, 183730.549279370694421 ], [ 526726.778093414613977, 183729.212876720237546 ], [ 526727.503241654019803, 183726.293344469449949 ], [ 526729.582394454511814, 183720.558994172082748 ], [ 526731.055965581443161, 183717.124026852136012 ], [ 526732.834392502671108, 183713.985980671306606 ], [ 526737.251747763017192, 183706.874558552983217 ], [ 526741.146750409156084, 183701.508229144383222 ], [ 526743.937417320674285, 183697.850210028700531 ], [ 526755.125623216619715, 183684.42054294468835 ], [ 526773.265650718007237, 183663.264006624987815 ], [ 526781.081474488833919, 183670.402634031255729 ], [ 526810.533275159425102, 183694.516713380173314 ], [ 526834.997353564947844, 183714.667435412004124 ], [ 526869.476800221367739, 183743.057986169238575 ], [ 526878.153675086214207, 183750.162651400954928 ], [ 526887.394055084791034, 183741.658542558201589 ], [ 526900.158913349616341, 183730.126857794763055 ], [ 526909.138036792515777, 183722.083607562468387 ], [ 526919.97777114843484, 183712.33987601735862 ], [ 526931.604279160732403, 183701.937061740027275 ], [ 526946.667686381144449, 183688.404374819481745 ], [ 526953.249841453507543, 183682.426607305184007 ], [ 526961.190466694184579, 183690.113886724109761 ], [ 526981.865317241870798, 183710.259616409544833 ], [ 527019.345725961611606, 183746.259523050277494 ], [ 527043.519764379016124, 183769.363932075852063 ], [ 527050.074649857240729, 183775.570127302838955 ], [ 527064.994999805931002, 183766.095713473448996 ], [ 527072.242002305225469, 183761.559044643829111 ], [ 527090.109448642120697, 183749.120669761847239 ], [ 527099.094532400369644, 183742.791516053373925 ], [ 527109.138242077780887, 183735.754467853927054 ], [ 527122.019433461828157, 183725.973237016412895 ], [ 527129.363761417451315, 183720.048154364747461 ], [ 527145.304756403318606, 183706.960850734030828 ], [ 527154.22018528310582, 183699.53955746506108 ], [ 527161.325541067053564, 183692.907506287854631 ], [ 527166.040368984569795, 183688.352062019810546 ], [ 527175.232952819787897, 183678.456328338012099 ], [ 527184.156222360208631, 183668.509354775946122 ], [ 527190.96039171051234, 183661.992199948756024 ], [ 527206.875395399867557, 183646.078059277322609 ], [ 527233.579403587500565, 183618.327643836033531 ], [ 527261.140711901942268, 183589.608502023969777 ], [ 527278.779391954070888, 183571.38988018874079 ], [ 527300.935219966573641, 183548.488629602070432 ], [ 527316.447630280163139, 183532.052852245338727 ], [ 527334.861913986271247, 183512.807877561834175 ], [ 527340.52541101584211, 183506.963334309461061 ], [ 527348.86034504242707, 183499.193979464995209 ], [ 527369.369911079644226, 183475.550691301526967 ], [ 527372.70876259659417, 183471.917872592050117 ], [ 527373.346639664145187, 183471.110441728902515 ], [ 527379.584431935450993, 183475.573225465603173 ], [ 527383.518833704292774, 183478.353630499448627 ], [ 527383.976241263211705, 183478.654417929938063 ], [ 527387.982501198654063, 183481.336482217244338 ], [ 527392.923259764327668, 183484.665129924134817 ], [ 527397.625743091339245, 183487.809765888610855 ], [ 527398.868702388252132, 183488.608742418233305 ], [ 527408.483617995167151, 183495.103592150728218 ], [ 527426.646317205042578, 183507.19863055809401 ], [ 527445.635569822276011, 183519.537030837440398 ], [ 527450.354091996792704, 183522.593101406062488 ], [ 527456.664498166996054, 183526.646092449140269 ], [ 527462.808171411743388, 183530.706034086353611 ], [ 527477.723131848033518, 183540.305089525762014 ], [ 527489.264378396328539, 183547.182283122208901 ], [ 527500.655255068326369, 183553.966709118685685 ], [ 527517.540068315574899, 183562.769661561585963 ], [ 527557.618248641258106, 183583.661024333967362 ], [ 527596.150019467342645, 183603.66817250935128 ], [ 527624.588935401639901, 183618.258804269367829 ], [ 527648.836571186082438, 183630.630020197131671 ], [ 527673.978597809327766, 183643.580218319373671 ], [ 527677.151759804808535, 183645.16221160592977 ], [ 527681.344813909614459, 183647.303970423352439 ], [ 527686.06273907981813, 183640.990925961988978 ], [ 527694.533310888684355, 183629.497831744898576 ], [ 527703.429028582759202, 183617.381176377995871 ], [ 527727.213334392989054, 183585.26460989395855 ], [ 527734.073557701893151, 183576.001074469124433 ], [ 527734.938778549898416, 183574.709796959883533 ], [ 527756.477601939928718, 183542.492360106552951 ], [ 527801.569536011083983, 183560.462894313968718 ], [ 527811.598130499362014, 183565.11065663601039 ], [ 527861.72852261015214, 183585.256019366381224 ], [ 527893.311634819023311, 183598.146955688192975 ], [ 527946.860521582188085, 183618.92453407245921 ], [ 527961.773807357414626, 183624.140784962219186 ], [ 527982.599415075033903, 183631.286491369304713 ], [ 527996.963300676783547, 183635.721204178931657 ], [ 528010.132937127840705, 183640.18148954375647 ], [ 528024.718342065112665, 183644.911182362411637 ], [ 528074.02686030510813, 183660.164140752051026 ], [ 528084.625001549022272, 183663.124317957786843 ], [ 528096.453912247670814, 183666.260223585704807 ], [ 528107.901262590661645, 183668.841283016721718 ], [ 528128.483536703395657, 183672.96590945898788 ], [ 528155.505203003995121, 183677.65372765873326 ], [ 528178.32268374110572, 183680.92251671833219 ], [ 528196.183490748982877, 183683.443127110658679 ], [ 528206.164816567674279, 183684.718862761976197 ], [ 528215.110582199296914, 183686.057490061328281 ], [ 528215.555490957456641, 183684.377341289131436 ], [ 528218.25422933336813, 183675.610236064589117 ], [ 528222.802256306400523, 183660.113170159456786 ], [ 528229.858492077095434, 183636.801162802497856 ], [ 528243.423332775244489, 183592.633651199692395 ], [ 528264.734601219417527, 183522.300734558841214 ], [ 528286.014355362509377, 183452.412196432298515 ], [ 528317.474589404650033, 183349.320503978466149 ], [ 528323.935930150793865, 183327.885251558269374 ], [ 528335.019619494443759, 183291.333236690610647 ], [ 528348.523587756440975, 183246.619170075457077 ], [ 528370.430737763294019, 183175.878833498456515 ], [ 528397.177755261654966, 183088.31371291965479 ], [ 528417.429109770106152, 183022.171860733884387 ], [ 528423.402782367425971, 183000.290408711589407 ], [ 528431.589539871318266, 182973.780236859805882 ], [ 528444.920494753750972, 182930.753390467027202 ], [ 528471.079476524842903, 182846.222661950043403 ], [ 528498.473278831806965, 182757.906542360724416 ], [ 528522.248496390180662, 182679.869839207502082 ], [ 528536.149296543910168, 182633.853177001292352 ], [ 528576.226794236921705, 182503.56264650914818 ], [ 528612.462009108392522, 182383.913162831624504 ], [ 528633.659530611010268, 182315.692874523170758 ], [ 528635.86372125078924, 182308.415646382723935 ], [ 528636.363510928465985, 182306.770300106552895 ], [ 528652.584730488481, 182311.454053267894778 ], [ 528699.310026856837794, 182325.56779830425512 ], [ 528716.354994486202486, 182330.884644056262914 ], [ 528730.022974990191869, 182334.969835384807084 ], [ 528733.478897154913284, 182322.950649623875506 ], [ 528742.567843539989553, 182291.890342563565355 ], [ 528752.571072024176829, 182258.994921788224019 ], [ 528764.600216566352174, 182219.296302511647809 ], [ 528772.760996384196915, 182192.552254633395933 ], [ 528786.176765684038401, 182196.742464884824585 ], [ 528799.332291115191765, 182200.792582929017954 ], [ 528802.043591733556241, 182201.451083904947154 ], [ 528805.931756838341244, 182201.961384495371021 ], [ 528808.957025081152096, 182202.282895914802793 ], [ 528813.431505570420995, 182202.118160771555267 ], [ 528819.556542478967458, 182201.739349444629624 ], [ 528822.591792719904333, 182201.393469443020876 ], [ 528825.878580605611205, 182200.709015965403523 ], [ 528826.855401650303975, 182200.511235920595936 ], [ 528828.195203219307587, 182200.233640511927661 ], [ 528829.729523197282106, 182199.949850752251223 ], [ 528831.661508961697109, 182199.587125747231767 ], [ 528833.384538696962409, 182199.252484968630597 ], [ 528835.113941657706164, 182198.940261484473012 ], [ 528836.097418461577035, 182198.753779527090956 ], [ 528837.040119344484992, 182198.532881014107261 ], [ 528840.560063210083172, 182197.687436692474876 ], [ 528842.05219865264371, 182197.42483582807472 ], [ 528849.898584362585098, 182196.778146064199973 ], [ 528849.724088680348359, 182207.489548262557946 ], [ 528849.213599708746187, 182223.51139645621879 ], [ 528848.139449457172304, 182243.146529300138354 ], [ 528847.519891614327207, 182258.542469255509786 ], [ 528847.198392428108491, 182264.376277769333683 ], [ 528847.19776742067188, 182265.221955580054782 ], [ 528847.543027844280005, 182266.387977547827177 ], [ 528848.142926355823874, 182267.093101017584559 ], [ 528849.312436715816148, 182268.602727946359664 ], [ 528851.846200064755976, 182271.059417220007163 ], [ 528853.40795684303157, 182272.156147376750596 ], [ 528854.072093137889169, 182272.517946962441783 ], [ 528854.957479017204605, 182272.64055251685204 ], [ 528856.10263328847941, 182272.647344231896568 ], [ 528857.67105399351567, 182272.38668377592694 ], [ 528861.69311488000676, 182271.720905616122764 ], [ 528871.955873308703303, 182269.944901261595078 ], [ 528883.424651010660455, 182267.965835850103758 ], [ 528887.775011824560352, 182267.219386759621557 ], [ 528891.610349164227955, 182266.526639432297088 ], [ 528891.791837649303488, 182266.486733956669923 ], [ 528892.170099208247848, 182266.351673071912955 ], [ 528892.304722160100937, 182266.243813222914468 ], [ 528892.441602307953872, 182266.046990230621304 ], [ 528892.952745498740114, 182265.325540623860434 ], [ 528894.241009474382736, 182263.522180837229826 ], [ 528896.364712818292901, 182260.527115591801703 ], [ 528896.885333434445783, 182259.705758837459143 ], [ 528897.111664553754963, 182259.26639944355702 ], [ 528897.198245515115559, 182258.589815559331328 ], [ 528897.196387438103557, 182258.389472465962172 ], [ 528897.254539342597127, 182258.01261116907699 ], [ 528897.226179206511006, 182257.488896613707766 ], [ 528897.198383377981372, 182256.942941271699965 ], [ 528896.958150907652453, 182255.468008909723721 ], [ 528896.200345338904299, 182250.864229574450292 ], [ 528895.820994548266754, 182248.306394915620331 ], [ 528894.898013505153358, 182242.552287110534962 ], [ 528892.974793282221071, 182229.984994832484517 ], [ 528890.396319476189092, 182213.695604674692731 ], [ 528887.634908874286339, 182194.219096287270077 ], [ 528886.735537071363069, 182188.35431477491511 ], [ 528893.412709820782766, 182186.18693626858294 ], [ 528897.539133022073656, 182184.967453862074763 ], [ 528901.512544450932182, 182184.033408650546335 ], [ 528904.801496315863915, 182183.538228620076552 ], [ 528912.607421875465661, 182182.84609762794571 ], [ 528920.211940006236546, 182182.705245082906913 ], [ 528923.747287580743432, 182182.895110753015615 ], [ 528929.299217784428038, 182183.492238625476602 ], [ 528936.46453425695654, 182184.519784833246376 ], [ 528945.202706646290608, 182173.079890867986251 ], [ 528961.448689966346137, 182153.006438005017117 ], [ 528978.292639638064429, 182132.625514457002282 ], [ 528998.924898207071237, 182107.400196722359397 ], [ 529016.371718791779131, 182085.432327869872097 ], [ 529039.653838323312812, 182056.468829493387602 ], [ 529060.819794035167433, 182029.933116584492382 ], [ 529086.36196375626605, 181998.100677510083187 ], [ 529115.584564154734835, 181962.133412040886469 ], [ 529138.732890352490358, 181933.834581006201915 ], [ 529150.717485170811415, 181918.972342826484237 ], [ 529170.729903762345202, 181894.165879671927541 ], [ 529178.280440267990343, 181884.699118387070484 ], [ 529193.2605479498161, 181865.884953809843864 ], [ 529203.298089044983499, 181853.62168097065296 ], [ 529215.716404895996675, 181837.824768294580281 ], [ 529245.960265172412619, 181799.169031033583451 ], [ 529263.690621429937892, 181777.053361560916528 ], [ 529264.209366796538234, 181776.309883957786951 ], [ 529275.40423372387886, 181762.229007241723593 ], [ 529278.746664165635593, 181758.007679015572648 ], [ 529279.821533903595991, 181756.143340081966016 ], [ 529280.07168619974982, 181754.769885439542122 ], [ 529280.269586188020185, 181752.994508491712622 ], [ 529280.463535593822598, 181751.92006840830436 ], [ 529281.103191261994652, 181750.790203633194324 ], [ 529282.429935038555413, 181748.576191512809601 ], [ 529287.160004565725103, 181741.930981908051763 ], [ 529294.597541051101871, 181731.192958327475935 ], [ 529324.790029481635429, 181688.875365087180398 ], [ 529353.811376371188089, 181647.585238745086826 ], [ 529357.634059164091013, 181642.230042719747871 ], [ 529358.713939188979566, 181640.988990801095497 ], [ 529404.094306205864996, 181671.29880606563529 ], [ 529405.34649437176995, 181672.287669571000151 ], [ 529425.212598178070039, 181642.682410433655605 ], [ 529440.018907673540525, 181620.670868568762671 ], [ 529468.545477962004952, 181640.537114765495062 ], [ 529480.245837738737464, 181648.880509817914572 ], [ 529494.773582577239722, 181627.184719729004428 ], [ 529517.186098486185074, 181593.850180164852645 ], [ 529546.662291399436072, 181549.779641239030752 ], [ 529535.170902449754067, 181542.220358706952538 ], [ 529535.69863267603796, 181541.399242350016721 ], [ 529542.086895842803642, 181532.09251705481438 ], [ 529564.762846411089413, 181500.434018273022957 ], [ 529567.530076514114626, 181497.27757522999309 ], [ 529579.514069301541895, 181502.401418167282827 ], [ 529582.409263499313965, 181504.300176490622107 ], [ 529589.172732355538756, 181509.958569064969197 ], [ 529594.600322114187293, 181514.369991886429489 ], [ 529595.85493739543017, 181514.991753038717434 ], [ 529598.197983100079, 181515.129405191692058 ], [ 529600.032310416223481, 181514.7978516627918 ], [ 529601.83777372201439, 181513.964820500928909 ], [ 529603.029860400827602, 181513.227421168412548 ], [ 529605.480623018695042, 181510.775092759635299 ], [ 529617.840680238441564, 181498.160093989805318 ], [ 529631.794215030851774, 181483.771975161274895 ], [ 529638.246559673221782, 181477.949936358840205 ], [ 529643.20079504896421, 181473.703185584512539 ], [ 529650.672305517131463, 181468.75286221067654 ], [ 529658.375723447068594, 181464.509505894791801 ], [ 529679.765389426262118, 181452.280846051813569 ], [ 529668.96047390345484, 181437.950942485476844 ], [ 529673.308107697637752, 181435.168710972648114 ], [ 529672.338458144571632, 181430.181053792824969 ], [ 529672.063692103372887, 181426.257124522118829 ], [ 529674.947488422621973, 181421.801780565059744 ], [ 529676.447398368502036, 181419.069283461256418 ], [ 529675.150815853383392, 181416.554738978564274 ], [ 529675.086601502262056, 181415.262297891837079 ], [ 529673.480559914489277, 181408.822939273726661 ], [ 529673.372706928290427, 181402.711131103220396 ], [ 529691.539953193743713, 181410.663652413408272 ], [ 529722.314332071458921, 181424.079025419603568 ], [ 529739.772486974252388, 181431.791071276180446 ], [ 529746.760650514392182, 181434.628999185515568 ], [ 529751.951031876145862, 181436.909160673560109 ], [ 529754.075586855877191, 181437.720088719623163 ], [ 529755.745797149837017, 181438.107694035978056 ], [ 529758.618442263221368, 181438.169921480992343 ], [ 529764.384101224364713, 181438.584219405776821 ], [ 529766.025299956090748, 181438.748534965969156 ], [ 529767.538205480435863, 181439.043106120196171 ], [ 529769.246918981545605, 181439.554102991300169 ], [ 529772.211504711885937, 181440.909489604760893 ], [ 529776.404654150013812, 181442.819252784480341 ], [ 529792.511531068128534, 181451.242525567766279 ], [ 529797.269891780801117, 181442.439719633723143 ], [ 529804.585399151896127, 181428.928490874182899 ], [ 529812.375783241237514, 181414.494682710443158 ], [ 529824.785314017324708, 181393.179623266041745 ], [ 529826.53492195403669, 181390.73173683474306 ], [ 529826.93487199023366, 181384.588381348468829 ], [ 529826.970073343603872, 181381.851886226737406 ], [ 529826.837980795651674, 181379.956816031015478 ], [ 529826.030733737279661, 181378.400580260436982 ], [ 529824.621302592335269, 181374.870498676784337 ], [ 529824.673370023374446, 181368.484575378941372 ], [ 529824.629483391181566, 181366.669652194599621 ], [ 529822.504950944916345, 181360.150227534410078 ], [ 529820.380842973012477, 181350.081104564829729 ], [ 529819.687977485940792, 181347.036691438581329 ], [ 529819.335202818154357, 181344.268029650149401 ], [ 529819.488468305557035, 181341.801613873627502 ], [ 529820.494186943396926, 181335.317650509823579 ], [ 529823.368962459266186, 181323.885136695287656 ], [ 529826.674742497503757, 181311.072683337784838 ], [ 529830.055198337999173, 181297.783652019803412 ], [ 529833.02520343021024, 181285.88621566852089 ], [ 529837.454213346005417, 181269.330203287012409 ], [ 529843.148573478101753, 181249.445984146150295 ], [ 529851.535067179473117, 181217.94656056020176 ], [ 529855.277117394260131, 181204.911590132629499 ], [ 529866.498373142792843, 181166.273927290225402 ], [ 529870.664429459604435, 181150.234216812532395 ], [ 529876.720186285790987, 181127.900060286279768 ], [ 529878.732418781262822, 181120.885448333981913 ], [ 529881.696831749868579, 181110.300951255485415 ], [ 529887.053241767222062, 181096.316901165409945 ], [ 529889.945539901964366, 181088.011726952914614 ], [ 529893.029802366858348, 181080.345734967151657 ], [ 529896.852606714121066, 181070.406332059588749 ], [ 529898.061862139729783, 181066.286638685967773 ], [ 529898.503626554156654, 181063.671812026586849 ], [ 529899.978596691973507, 181054.317801747412886 ], [ 529906.932829044293612, 181053.883542298339307 ], [ 529912.523802281590179, 181053.815037301683333 ], [ 529919.324703603633679, 181053.132067427155562 ], [ 529921.128224081825465, 181052.655175581458025 ], [ 529922.993108362657949, 181051.679110141645651 ], [ 529925.391182107967325, 181050.215933668776415 ], [ 529927.948045993805863, 181048.244947282481007 ], [ 529930.139954705489799, 181046.698608729231637 ], [ 529933.773952261544764, 181043.876081623835489 ], [ 529934.943843536544591, 181042.92676183313597 ], [ 529938.467911090585403, 181040.602170295431279 ], [ 529947.893213553470559, 181034.222230228595436 ], [ 529956.140337038086727, 181028.30179424158996 ], [ 529963.551088349078782, 181023.049895098025445 ], [ 529971.233658097800799, 181017.215193588810507 ], [ 529974.442450910690241, 181014.459712919953745 ], [ 529976.169782889774069, 181012.890383953345008 ], [ 529978.950772197102197, 181010.30200675415108 ], [ 529982.730766021530144, 181006.659802213136572 ], [ 529998.114871009252965, 180990.996131273626816 ], [ 530013.482458244543523, 180975.710420189076103 ], [ 530018.147542556514964, 180970.855716029123869 ], [ 530021.316179773304611, 180968.043597434239928 ], [ 530022.629541805712506, 180967.186988112400286 ], [ 530024.620164384599775, 180966.726045849674847 ], [ 530030.228201381629333, 180965.723381871648598 ], [ 530031.872283859644085, 180965.509511474578176 ], [ 530033.088836502516642, 180965.451617194747087 ], [ 530033.887643181486055, 180965.438672762247734 ], [ 530034.518213345902041, 180965.48818966030376 ], [ 530036.041317898314446, 180965.660692282253876 ], [ 530039.071657523978502, 180966.083186265081167 ], [ 530042.151990503305569, 180966.45132315158844 ], [ 530044.080495434114709, 180966.789988428819925 ], [ 530046.771515073021874, 180967.448612331936602 ], [ 530048.933199469000101, 180968.171585769916419 ], [ 530054.091816037194803, 180970.351078157371376 ], [ 530055.624920930247754, 180970.946692687866744 ], [ 530056.613650265033357, 180973.008351792872418 ], [ 530059.126147460774519, 180979.014805404352956 ], [ 530060.254894593264908, 180981.302601291623432 ], [ 530062.635466138715856, 180985.681046376994345 ], [ 530063.801925683976151, 180987.58034116710769 ], [ 530064.062573818257079, 180987.976478962809779 ], [ 530064.635571380611509, 180988.647673796804156 ], [ 530064.776445727562532, 180988.840448908042163 ], [ 530065.413707197178155, 180989.713585928140674 ], [ 530066.635281383641995, 180991.358356416691095 ], [ 530071.615011509740725, 180998.084492266178131 ], [ 530073.568704700795934, 181000.693851497198921 ], [ 530077.371612636023201, 181005.653962739685085 ], [ 530080.159330735099502, 181009.586605278600473 ], [ 530083.832630816148594, 181013.642066035652533 ], [ 530085.85957590083126, 181015.830455393472221 ], [ 530088.648454621434212, 181018.36105066165328 ], [ 530091.093529391800985, 181020.760442863975186 ], [ 530093.779461746686138, 181023.243895414634608 ], [ 530096.536877097678371, 181025.918349243933335 ], [ 530099.769639372359961, 181028.738505123066716 ], [ 530106.764124371344224, 181034.870854004868306 ], [ 530114.465013722539879, 181041.34400070348056 ], [ 530122.842630263417959, 181047.689827855210751 ], [ 530129.604251508368179, 181052.881526399054565 ], [ 530136.179836289491504, 181057.745769066445064 ], [ 530150.962519529159181, 181068.562063216639217 ], [ 530161.011981916963123, 181075.774219705956057 ], [ 530189.528399737202562, 181097.146454946487211 ], [ 530210.233892343007028, 181113.088725780427922 ], [ 530239.002278695930727, 181136.804520343663171 ], [ 530259.758446481428109, 181157.80026118515525 ], [ 530286.180600568302907, 181185.540055718447547 ], [ 530299.750939420075156, 181199.47485946083907 ], [ 530301.203063420951366, 181201.058837657328695 ], [ 530304.531216693110764, 181203.670154344697949 ], [ 530312.4410813706927, 181209.0139610550832 ], [ 530321.852357264957391, 181219.704179015941918 ], [ 530329.665117085096426, 181228.56186559033813 ], [ 530348.140378785436042, 181249.399355230911169 ], [ 530358.045496451901272, 181239.749814091832377 ], [ 530370.297564543550834, 181227.656775767100044 ], [ 530379.983201676164754, 181218.446750207513105 ], [ 530383.909536618040875, 181214.519272334815469 ], [ 530391.853864561533555, 181205.798718746693339 ], [ 530404.29183982370887, 181192.419716851203702 ], [ 530419.540895267389715, 181216.67990055406699 ], [ 530422.287633249652572, 181221.112441459437832 ], [ 530430.913245217176154, 181218.852353447349742 ], [ 530438.57480273838155, 181216.823470717237797 ], [ 530458.799894218333066, 181211.945728111604694 ], [ 530470.163093828829005, 181209.066069614957087 ], [ 530480.29638260207139, 181206.766878593189176 ], [ 530492.999692376237363, 181203.343040050356649 ], [ 530499.1828489479376, 181201.298538914124947 ], [ 530502.506125678773969, 181199.77036803989904 ], [ 530513.482946287374943, 181196.257731852878351 ], [ 530520.988015149603598, 181194.647803378349636 ], [ 530524.299473984749056, 181194.120833955181297 ], [ 530535.59398886852432, 181192.296684097440448 ], [ 530539.538847351563163, 181191.708100864605512 ], [ 530565.404972628923133, 181187.520939176494721 ], [ 530577.13019422988873, 181185.418626665079501 ], [ 530586.040251183323562, 181184.523683009727392 ], [ 530593.388155226712115, 181187.950662838644348 ], [ 530611.559127963730134, 181196.55199845082825 ], [ 530625.626608230755664, 181203.26749030884821 ], [ 530627.218025131849572, 181204.020569712098222 ], [ 530629.35471731738653, 181204.898943092324771 ], [ 530637.474728378700092, 181208.267942885577213 ], [ 530639.752141873002984, 181216.905938749725465 ], [ 530641.204305005492643, 181221.9952423950308 ], [ 530644.357654921710491, 181230.588993623736314 ], [ 530648.136248040827923, 181239.977760484034661 ], [ 530664.523123202379793, 181247.209234164562076 ], [ 530704.071004549507052, 181264.450458328530658 ], [ 530711.441534324199893, 181267.800305477227084 ], [ 530723.566544099827297, 181276.602636859868653 ], [ 530732.881211499799974, 181284.26443849952193 ], [ 530737.484744054847397, 181287.487502317933831 ], [ 530747.133196812355891, 181291.61931016179733 ], [ 530769.804988301591948, 181301.205006138945464 ], [ 530808.781460106489249, 181318.499140528205317 ], [ 530885.530392792308703, 181350.47569844732061 ], [ 530911.693590414710343, 181362.499928966572043 ], [ 530925.109746857080609, 181334.102680147509091 ], [ 530932.789263561135158, 181318.176481570175383 ], [ 530936.745792133151554, 181310.667067505128216 ], [ 530938.448883156408556, 181307.083314534509555 ], [ 530945.059626589762047, 181294.645952285965905 ], [ 530951.251583673642017, 181282.565020372858271 ], [ 530955.429028096375987, 181273.759368572267704 ], [ 530975.44090384291485, 181230.298362097179051 ], [ 530987.711199126672, 181234.79865402210271 ], [ 530997.716008280753158, 181238.839977440889925 ], [ 531008.436887180898339, 181242.844143197522499 ], [ 531021.74449601280503, 181247.771860603184905 ], [ 531032.129947345820256, 181251.589385948784184 ], [ 531047.178344529937021, 181257.396638593752868 ], [ 531081.182217694469728, 181270.6922017246834 ], [ 531080.117842186824419, 181275.349521491501946 ], [ 531099.58647374866996, 181280.169310619356111 ], [ 531122.615727142547257, 181285.837736596586183 ], [ 531125.128977796179242, 181289.608123763056938 ], [ 531129.952503287699074, 181291.023409128305502 ], [ 531130.628152485471219, 181291.207760239136405 ], [ 531127.560353083885275, 181300.587173224776052 ], [ 531123.741347005241551, 181312.172751133446582 ], [ 531112.578179067000747, 181341.195168890233617 ], [ 531103.217173733748496, 181363.609716903767549 ], [ 531093.54577101545874, 181384.603049367957283 ], [ 531085.444820625940338, 181401.508520589326508 ], [ 531075.749693318735808, 181418.851373187324498 ], [ 531039.295631176210009, 181476.376267429732252 ], [ 531037.797854638891295, 181478.997170262678992 ], [ 530995.292482182732783, 181544.801117270777468 ], [ 530975.69318714144174, 181576.599672452080995 ], [ 530973.999892552266829, 181579.805321704421658 ], [ 530972.392440552241169, 181584.25948972790502 ], [ 530971.158607866265811, 181589.301930462184828 ], [ 530969.588560329983011, 181596.88395503006177 ], [ 530967.117149958736263, 181612.232156850514002 ], [ 530967.695917282486334, 181612.402863053895999 ], [ 530989.622190105961636, 181614.481443196069449 ], [ 531018.324669411289506, 181616.545670825697016 ], [ 531030.934876463608816, 181617.249190450180322 ], [ 531056.072690981905907, 181616.206091413332615 ], [ 531066.446292590117082, 181615.338638768123928 ], [ 531077.747457792982459, 181614.038898337457795 ], [ 531105.6935821515508, 181610.976475617790129 ], [ 531124.956032086862251, 181608.669344144698698 ], [ 531138.828786633210257, 181606.99099278106587 ], [ 531149.309030353557318, 181605.759244619577657 ], [ 531154.35271674906835, 181605.088233263755683 ], [ 531158.922284165164456, 181604.226944406749681 ], [ 531168.03740453789942, 181602.359098191664089 ], [ 531195.912145652226172, 181596.958496433449909 ], [ 531215.41323490976356, 181593.211257953837048 ], [ 531239.62657917116303, 181589.263098413357511 ], [ 531252.600913597969338, 181587.161249511060305 ], [ 531269.7092597206356, 181584.398417740769219 ], [ 531300.90092141542118, 181579.607080663437955 ], [ 531316.681637843837962, 181577.177313997526653 ], [ 531353.799209268298, 181572.239000494242646 ], [ 531377.048239948460832, 181569.078885216207709 ], [ 531383.720652951858938, 181568.24991115287412 ], [ 531387.087531270692125, 181570.139668087707832 ], [ 531393.690322721959092, 181573.882419039611705 ], [ 531400.037264452781528, 181577.58517931913957 ], [ 531408.611121559515595, 181582.424933702044655 ], [ 531417.581033505965024, 181587.51975771819707 ], [ 531438.814068654784933, 181598.417799181537703 ], [ 531491.986537556396797, 181626.333301154896617 ], [ 531520.538286057766527, 181641.727555274730548 ], [ 531521.195106755476445, 181642.100645849539433 ], [ 531554.59954469895456, 181659.100708119978663 ], [ 531555.199994519352913, 181659.505727121373639 ], [ 531556.90274693374522, 181660.506803824333474 ], [ 531553.878699598368257, 181674.071168804832269 ], [ 531550.889354843879119, 181687.636433709471021 ], [ 531546.752175091998652, 181704.510317168547772 ], [ 531543.908645814750344, 181716.198765153938439 ], [ 531541.637826045393012, 181725.609718148538377 ], [ 531534.219119941466488, 181758.222361770807765 ], [ 531530.510646756505594, 181774.361792865383904 ], [ 531527.415613859659061, 181787.991099522332661 ], [ 531523.833724354859442, 181803.53291112271836 ], [ 531521.739864371600561, 181812.814918753108941 ], [ 531517.878919477341697, 181829.751610720995814 ], [ 531512.498969185631722, 181852.001449464994948 ], [ 531507.881945215864107, 181869.45271022268571 ], [ 531502.685424666968174, 181887.300703105982393 ], [ 531499.927326616481878, 181896.231691919791047 ], [ 531496.808746753260493, 181904.875157326518092 ], [ 531494.257489415467717, 181912.520679350127466 ], [ 531489.372873949469067, 181927.171954608929809 ], [ 531479.641554301488213, 181953.671296751243062 ], [ 531476.858408111263998, 181960.353835673711728 ], [ 531472.867547171772458, 181969.17504002439091 ], [ 531468.99233235232532, 181978.088261924393009 ], [ 531465.973629052285105, 181984.753582572215237 ], [ 531464.706737463828176, 181987.569511760550085 ], [ 531459.8090076103108, 181997.635825458331965 ], [ 531456.416956118191592, 182005.048179501551203 ], [ 531441.991941893473268, 182033.473647019884083 ], [ 531437.788660022080876, 182041.655095755646471 ], [ 531432.66321755584795, 182051.403962976357434 ], [ 531427.743864696822129, 182060.96899395697983 ], [ 531417.125668039778247, 182059.514769250352401 ], [ 531399.621252667158842, 182056.981105164508335 ], [ 531384.899850738001987, 182054.742029392335098 ], [ 531375.718509147176519, 182053.291668168618344 ], [ 531369.365878737997264, 182052.248301818326581 ], [ 531362.749917391454801, 182051.187006796477363 ], [ 531357.681576388888061, 182050.410546502680518 ], [ 531353.097405361477286, 182049.702248416549992 ], [ 531347.427531757974066, 182048.83235144498758 ], [ 531342.228815987007692, 182047.996897204604466 ], [ 531339.278051516972482, 182051.236688035540283 ], [ 531336.995030574500561, 182054.694042739924043 ], [ 531335.491134326090105, 182057.014251784945372 ], [ 531334.7501864352962, 182058.285918539157137 ], [ 531332.058925578021444, 182063.034670807770453 ], [ 531330.809949236689135, 182065.161171154875774 ], [ 531329.435279113007709, 182067.584872324543539 ], [ 531327.407512206118554, 182071.104468169098254 ], [ 531324.863019575481303, 182075.278373713605106 ], [ 531321.685959485010244, 182080.559833817882463 ], [ 531319.684514287975617, 182084.135751624999102 ], [ 531318.691898961784318, 182086.012942510773428 ], [ 531317.396174669032916, 182088.605603736126795 ], [ 531315.081853337120265, 182093.275085028435569 ], [ 531313.994209953350946, 182095.60605899739312 ], [ 531310.656739716650918, 182102.797355303773656 ], [ 531307.664296015165746, 182109.263138471404091 ], [ 531305.285623635398224, 182114.542987676686607 ], [ 531303.77099313121289, 182118.354048646637239 ], [ 531301.766530252993107, 182122.853499439021107 ], [ 531299.821879099821672, 182127.187580221216194 ], [ 531298.591521612834185, 182129.937723768467549 ], [ 531297.926940755103715, 182131.478435383934993 ], [ 531296.268116391962394, 182135.497199192410335 ], [ 531294.325277739670128, 182140.298694908211473 ], [ 531292.957659803447314, 182143.256719839409925 ], [ 531291.392394591239281, 182146.610236816457473 ], [ 531290.734675358515233, 182147.616993667557836 ], [ 531289.939977858448401, 182148.820510435209144 ], [ 531288.80888966016937, 182150.415933544572908 ], [ 531279.18480403535068, 182144.614469056657981 ], [ 531274.241953134303913, 182141.671416707569733 ], [ 531271.557608785340562, 182139.977399203635287 ], [ 531268.908523085992783, 182138.26203871879261 ], [ 531264.181372441584244, 182141.478224853053689 ], [ 531260.994723040843382, 182143.910763278079685 ], [ 531256.116198220755905, 182147.612667033390608 ], [ 531253.369756151223555, 182149.934178087743931 ], [ 531248.151610817061737, 182153.616186764906161 ], [ 531244.682397041353397, 182154.895274948619772 ], [ 531232.100160271394998, 182157.997584791097324 ], [ 531231.000403936952353, 182158.380903101584408 ], [ 531224.561336809420027, 182160.150804435776081 ], [ 531218.794069058727473, 182162.249643321265467 ], [ 531215.217322185984813, 182163.392440402356442 ], [ 531208.331906868028454, 182164.705722707207315 ], [ 531200.679481817642227, 182166.689126500627026 ], [ 531188.512382648652419, 182169.846774373145308 ], [ 531186.627636544406414, 182170.521408070460893 ], [ 531178.751369493547827, 182173.378156793827657 ], [ 531171.869034061091952, 182175.648554292391054 ], [ 531164.146215010550804, 182178.208837633603252 ], [ 531158.417987049324438, 182180.141834793786984 ], [ 531151.730483339517377, 182182.39503344608238 ], [ 531145.383764046709985, 182184.623654826136772 ], [ 531138.415631832671352, 182186.992031337926164 ], [ 531132.917209156090394, 182188.897605360776652 ], [ 531127.081218780018389, 182190.97251602075994 ], [ 531122.07127015304286, 182192.779432280804031 ], [ 531118.693447726545855, 182194.016451960837003 ], [ 531108.787191830459051, 182197.800154494238086 ], [ 531093.570672061410733, 182203.193897481483873 ], [ 531087.160188731970266, 182205.743648821196984 ], [ 531081.917330430704169, 182207.700382014969364 ], [ 531075.778787594754249, 182209.934459377487656 ], [ 531073.209128858405165, 182211.058827503991779 ], [ 531066.070953823509626, 182214.101705759938341 ], [ 531061.793221649597399, 182216.049976054287981 ], [ 531056.727069771499373, 182218.423019976879004 ], [ 531051.35125979303848, 182221.767322318046354 ], [ 531049.612334741977975, 182222.979898974008393 ], [ 531034.286991972941905, 182234.213073649560101 ], [ 531027.551806566421874, 182240.204123463947326 ], [ 531020.374730594456196, 182246.372956386185251 ], [ 531016.129919019760564, 182250.814727388962638 ], [ 531009.724581024493091, 182258.283168437483255 ], [ 530999.44002267671749, 182269.746591018862091 ], [ 530987.629305359325372, 182283.596528523543384 ], [ 530980.269268276519142, 182292.019628105161246 ], [ 530972.147564719431102, 182301.446852314460557 ], [ 530964.194383170455694, 182310.800538804731332 ], [ 530961.257597085903399, 182314.052022184128873 ], [ 530959.459268988808617, 182317.032407146471087 ], [ 530956.31810023332946, 182324.173333679442294 ], [ 530951.165581630775705, 182336.90417716227239 ], [ 530949.665035624755546, 182340.181562717945781 ], [ 530937.554045218508691, 182368.923909685923718 ], [ 530936.848898614291102, 182370.697300187544897 ], [ 530927.923897504340857, 182390.831023482256569 ], [ 530922.498160819057375, 182402.586736354220193 ], [ 530916.899432097561657, 182414.860999582335353 ], [ 530916.086749091511592, 182416.498088215070311 ], [ 530916.365430118516088, 182418.074281677370891 ], [ 530916.899449133779854, 182418.900369491893798 ], [ 530928.135529908933677, 182433.78955659957137 ], [ 530930.272334666107781, 182436.526417862274684 ], [ 530935.578591990051791, 182443.139535109978169 ], [ 530940.849177472293377, 182449.250990624655969 ], [ 530943.850017989519984, 182452.666667557088658 ], [ 530955.681872182176448, 182465.980013319873251 ], [ 530965.496652508620173, 182477.026963046635501 ], [ 530977.014697679667734, 182489.853779961413238 ], [ 530977.439090898493305, 182490.354343657905702 ], [ 530981.81968945718836, 182495.174335116404109 ], [ 530986.137562984600663, 182500.0038410294801 ], [ 530987.341835210914724, 182500.947370481851976 ], [ 530990.006104251253419, 182503.953799550654367 ], [ 530992.285305473371409, 182506.54970115958713 ], [ 530994.341904430650175, 182508.895052912877873 ], [ 530996.312913705012761, 182511.060154366306961 ], [ 530998.952293267240748, 182513.954669265192933 ], [ 530999.984111942234449, 182515.394503256829921 ], [ 531000.506760577089153, 182515.853092037083115 ], [ 531002.331701363553293, 182517.491424819454551 ], [ 531004.353501004865393, 182519.301751595863607 ], [ 531005.100808757822961, 182520.200117152824532 ], [ 531002.94109976827167, 182521.045765495975502 ], [ 531000.003110234159976, 182522.194047980476171 ], [ 530998.205881493980996, 182523.249345930526033 ], [ 530996.787711373413913, 182523.602244015259203 ], [ 530995.068972858600318, 182524.036413266265299 ], [ 530993.231165146687999, 182524.512023507500999 ], [ 530991.917618502513506, 182524.845365471264813 ], [ 530990.618518802104518, 182525.156824820383918 ], [ 530989.71710025286302, 182525.38951767643448 ], [ 530987.168085780460387, 182526.258516594883986 ], [ 530985.865258934092708, 182526.714541747875046 ], [ 530983.965651734732091, 182527.4333721146686 ], [ 530981.786286801681854, 182528.234011336928234 ], [ 530979.333814247860573, 182529.127758991555311 ], [ 530977.359339989954606, 182529.789022538752761 ], [ 530973.962972469395027, 182530.947755851258989 ], [ 530971.201278063817881, 182531.98932268662611 ], [ 530970.598995790816844, 182532.196348502475303 ], [ 530968.321375907631591, 182533.038970939815044 ], [ 530966.298117273603566, 182533.977174503845163 ], [ 530962.200179073610343, 182535.963535678223707 ], [ 530954.858603967237286, 182539.646715097711422 ], [ 530952.500156926107593, 182540.932370417460334 ], [ 530947.905027979984879, 182543.896294297999702 ], [ 530945.807881538406946, 182545.277710707392544 ], [ 530942.532317279372364, 182547.674758145876694 ], [ 530940.846725276904181, 182548.977763738599606 ], [ 530933.485462493496016, 182555.041802343796007 ], [ 530930.343195557012223, 182557.653720255242661 ], [ 530924.211619810434058, 182563.137442102015484 ], [ 530922.473469014163129, 182564.59488712012535 ], [ 530915.821556125651114, 182570.87753221479943 ], [ 530910.577830685884692, 182576.117086420301348 ], [ 530905.412710470031016, 182581.269649455032777 ], [ 530900.366954413126223, 182586.369654695561621 ], [ 530896.227364156977274, 182590.513774779450614 ], [ 530891.922509568044916, 182594.876194137730636 ], [ 530886.858549588359892, 182599.875593026168644 ], [ 530881.916531471419148, 182604.722350278636441 ], [ 530867.172277888283134, 182619.053329241054598 ], [ 530864.450344190117903, 182621.787392015219666 ], [ 530851.547932229121216, 182634.140617264201865 ], [ 530843.551466475473717, 182641.968851835292298 ], [ 530838.095109502319247, 182648.193366560793947 ], [ 530833.767089079832658, 182653.189515750098508 ], [ 530829.942858270485885, 182658.298794062808156 ], [ 530825.608765344601125, 182665.687256438774057 ], [ 530822.86258508451283, 182672.059484872734174 ], [ 530816.044118270860054, 182695.330013250408228 ], [ 530814.896576442057267, 182700.808688037504908 ], [ 530814.003265205654316, 182705.848801132873632 ], [ 530811.643019375856966, 182719.875728558283299 ], [ 530809.007518791477196, 182737.044717345444951 ], [ 530806.422401730902493, 182753.335913659306243 ], [ 530805.210758407367393, 182762.652008328179363 ], [ 530803.550251506501809, 182779.156189051631372 ], [ 530801.828719141427428, 182799.108397079922725 ], [ 530800.493601946276613, 182810.524455229344312 ], [ 530798.642081750323996, 182828.247769593959674 ], [ 530796.218680705409497, 182849.85106547299074 ], [ 530795.075030105304904, 182858.145161535532679 ], [ 530793.348358059884049, 182872.09938997705467 ], [ 530792.679427469847724, 182878.6697843587026 ], [ 530791.811261516413651, 182883.543632169719785 ], [ 530790.559829236473888, 182888.207311240374111 ], [ 530789.52141542697791, 182890.528523461136501 ], [ 530788.265692387125455, 182892.933161868480965 ], [ 530786.75047116773203, 182895.442395694029983 ], [ 530785.158604300930165, 182897.693718327092938 ], [ 530783.291649522841908, 182900.116001709538978 ], [ 530781.398033653385937, 182902.226022573828232 ], [ 530779.095254026236944, 182904.592574150592554 ], [ 530776.169438260723837, 182907.165639106009621 ], [ 530774.151136360713281, 182908.727192912600003 ], [ 530771.087398496107198, 182910.996260500047356 ], [ 530769.737697493284941, 182911.92962216574233 ], [ 530765.039534228155389, 182914.868786483653821 ], [ 530762.402783206780441, 182916.458932830195408 ], [ 530752.589105018414557, 182922.103979488252662 ], [ 530742.679489261121489, 182927.702063674398232 ], [ 530734.023404368199408, 182932.598002252285369 ], [ 530728.711694431491196, 182935.37674513400998 ], [ 530723.011572112794966, 182938.145496241457295 ], [ 530716.18044388317503, 182941.441531240358017 ], [ 530710.664965309319086, 182944.048131876799744 ], [ 530705.730552810477093, 182946.19119955674978 ], [ 530702.644358483958058, 182947.44710495864274 ], [ 530692.830971478950232, 182951.467621040239464 ], [ 530681.936578079825267, 182955.961088420648593 ], [ 530674.533818626310676, 182959.086680930224247 ], [ 530663.36873843963258, 182963.851415509590879 ], [ 530656.702006836887449, 182966.695520170207601 ], [ 530649.153623705962673, 182969.817402168177068 ], [ 530639.521734233479947, 182973.53111033962341 ], [ 530633.974655915051699, 182975.480442699568812 ], [ 530624.904746273066849, 182978.66337402065983 ], [ 530616.716503678937443, 182981.56854695797665 ], [ 530613.853949360083789, 182982.496424386859871 ], [ 530601.473750794073567, 182986.20629089983413 ], [ 530587.922397997230291, 182990.386821256310213 ], [ 530576.51083870336879, 182993.676544169022236 ], [ 530566.632352825603448, 182996.727511167235207 ], [ 530561.737085203640163, 182997.892481316404883 ], [ 530552.812618276453577, 183000.011015898664482 ], [ 530543.116496098926291, 183002.988821242237464 ], [ 530532.287617070949636, 183006.293618076655548 ], [ 530524.354238242493011, 183008.7381222267868 ], [ 530515.777331605320796, 183011.377527551085223 ], [ 530512.13892463769298, 183012.519204966316465 ], [ 530509.86185990658123, 183012.271519705536775 ], [ 530506.18280083744321, 183011.754127346852329 ], [ 530500.128715198254213, 183011.019922793318983 ], [ 530494.012411843985319, 183010.005934105080087 ], [ 530487.619240191066638, 183008.962584003456868 ], [ 530476.568954744143412, 183007.109678971231915 ], [ 530474.40400430385489, 183006.820379192824475 ], [ 530456.755957666318864, 183004.05246964469552 ], [ 530440.669502336764708, 183001.825475496414583 ], [ 530426.761291217640974, 182999.91040798072936 ], [ 530412.882408409728669, 182998.474623366666492 ], [ 530411.548052802914754, 182998.273444755352102 ], [ 530396.405879062484019, 182996.571585820522159 ], [ 530384.163867578608915, 182995.177906429453287 ], [ 530360.865135047002696, 182991.909185997908935 ], [ 530345.325981886941008, 182989.718800353293773 ], [ 530334.36615516000893, 182988.124467154673766 ], [ 530326.070589673123322, 182986.565140436112415 ], [ 530323.702396461972967, 182986.081519449362531 ], [ 530323.41703025624156, 182990.98151106282603 ], [ 530323.90486552438233, 182999.829420047346503 ], [ 530323.945469232508913, 183002.033745895081665 ], [ 530324.147805135697126, 183013.622870309278369 ], [ 530324.189678496797569, 183017.941491236619186 ], [ 530323.823634046595544, 183033.288320492138155 ], [ 530323.658816589857452, 183048.907378431467805 ], [ 530323.619070174871013, 183059.922779251937754 ], [ 530323.663180076051503, 183075.513816007296555 ], [ 530323.703212201711722, 183097.213855035370216 ], [ 530324.017055720090866, 183115.816293211712036 ], [ 530324.32983379450161, 183128.509896452713292 ], [ 530324.722314961254597, 183144.588366021984257 ], [ 530324.876131956698373, 183151.035251306602731 ], [ 530325.229608431574889, 183165.38792725809617 ], [ 530325.591330927563831, 183180.230434105615132 ], [ 530326.04054282605648, 183198.424624540202785 ], [ 530326.355753059498966, 183211.563400622399058 ], [ 530326.51762161415536, 183221.482336284010671 ], [ 530326.712290305877104, 183233.638781882124022 ], [ 530326.868559331865981, 183243.234870948479511 ], [ 530327.004530054051429, 183251.728796806535684 ], [ 530327.096222815220244, 183257.350639385520481 ], [ 530327.297334123635665, 183269.796571484126616 ], [ 530327.457850690581836, 183280.038177015609108 ], [ 530327.578941906336695, 183287.218652751413174 ], [ 530327.704000918311067, 183295.055764883640222 ], [ 530327.834653550758958, 183303.215724082430825 ], [ 530327.945494267274626, 183309.984212082519662 ], [ 530328.171141468686983, 183324.17782464803895 ], [ 530328.392816399107687, 183337.714801168360282 ], [ 530328.460979772498831, 183342.089738069917075 ], [ 530328.624421785934828, 183352.487208065052982 ], [ 530328.777157622855157, 183361.949676364951301 ], [ 530328.961088883806951, 183373.171122755680699 ], [ 530329.067838803865016, 183379.828229704755358 ], [ 530329.130436969920993, 183388.476062760979403 ], [ 530329.197486557066441, 183397.491224464145489 ], [ 530329.263706664089113, 183405.72742567374371 ], [ 530329.214932870585471, 183409.520721359294839 ], [ 530329.084678987390362, 183420.544934342673514 ], [ 530328.957848871592432, 183431.435702924558427 ], [ 530328.802449068985879, 183444.250831556564663 ], [ 530328.75090634112712, 183464.6465937953908 ], [ 530328.691479490371421, 183490.216537981526926 ], [ 530328.379528230405413, 183505.075147980533075 ], [ 530328.285682290093973, 183515.221208213537466 ], [ 530328.158840360818431, 183528.816011037153658 ], [ 530328.01492806058377, 183544.157426140969619 ], [ 530327.948251159163192, 183551.622406736365519 ], [ 530327.538433478679508, 183564.0749213930103 ], [ 530327.006955111515708, 183572.885553206549957 ], [ 530326.928952666698024, 183575.654350563068874 ], [ 530326.314797920756973, 183582.548894768115133 ], [ 530325.537993412697688, 183592.265702507924289 ], [ 530323.493391527794302, 183615.147434405807871 ], [ 530322.09924743778538, 183633.505756073107477 ], [ 530319.843495955457911, 183663.804252573347185 ], [ 530319.493343345704488, 183668.524542399565689 ], [ 530319.33320814545732, 183670.167333535326179 ], [ 530317.99456796864979, 183680.414981131209061 ], [ 530316.908306165598333, 183686.507342859404162 ], [ 530314.737587917945348, 183696.188378596445546 ], [ 530311.795267175650224, 183706.461636896361597 ], [ 530311.876203861902468, 183709.256769084080588 ], [ 530307.546705973567441, 183725.180688949360047 ], [ 530302.730906645185314, 183744.64187149546342 ], [ 530299.430163855897263, 183758.878529923851602 ], [ 530298.161285324138589, 183763.975842499407008 ], [ 530296.612245744443499, 183769.444308170757722 ], [ 530294.65276998851914, 183776.304333426465746 ], [ 530292.617499631480314, 183782.873093931528274 ], [ 530289.963751027476974, 183790.828076232166495 ], [ 530287.953948016860522, 183797.486513445619494 ], [ 530286.313831630162895, 183802.718962799757719 ], [ 530284.370470651192591, 183808.410995375073981 ], [ 530278.635599494795315, 183822.318142803327646 ], [ 530274.021897478960454, 183833.639050289057195 ], [ 530271.500403772341087, 183839.41640310297953 ], [ 530269.249110158882104, 183844.399494361365214 ], [ 530266.951844914699905, 183849.281257657159586 ], [ 530260.709506171522662, 183862.685783647350036 ], [ 530256.06695003551431, 183872.158765347849112 ], [ 530251.802880052127875, 183881.48567222058773 ], [ 530249.649014031747356, 183885.647819960373454 ], [ 530246.574809059500694, 183890.520788246416487 ], [ 530239.822899318067357, 183900.529442004917655 ], [ 530233.155194510705769, 183909.961622923088726 ], [ 530223.615042668767273, 183923.43738931720145 ], [ 530218.381103824591264, 183931.081417485198472 ], [ 530214.585358337732032, 183936.492282971914392 ], [ 530208.234951651189476, 183944.920009746216238 ], [ 530202.356510418001562, 183952.803461619769223 ], [ 530199.927815795992501, 183955.779043647809885 ], [ 530197.178679111995734, 183960.426692855078727 ], [ 530192.641207862063311, 183969.056714727543294 ], [ 530186.896900959778577, 183980.370954783516936 ], [ 530164.831853252719156, 184025.784889742033556 ], [ 530157.989321668166667, 184040.153376222180668 ], [ 530153.677491134847514, 184049.189810188079719 ], [ 530147.93856932327617, 184061.383314947190229 ], [ 530143.144960376084782, 184071.620326049916912 ], [ 530138.900814079446718, 184080.725272036041133 ], [ 530135.298838261631317, 184088.600378693721723 ], [ 530132.176400031428784, 184095.36388102825731 ], [ 530130.686049038544297, 184098.552714491670486 ], [ 530128.985859139706008, 184102.348193490761332 ], [ 530127.652153651113622, 184105.652319690794684 ], [ 530126.176052762195468, 184109.909778755332809 ], [ 530124.578357760328799, 184115.933426039409824 ], [ 530123.368229139596224, 184123.079777053033467 ], [ 530122.93467904406134, 184125.105034346110187 ], [ 530121.202283115009777, 184134.218730793043505 ], [ 530121.075657206820324, 184134.827508935297374 ], [ 530120.652272359468043, 184136.997687022609171 ], [ 530120.158500615274534, 184138.665314644982573 ], [ 530119.451755845104344, 184141.061912164499518 ], [ 530118.134020868339576, 184145.367942737473641 ], [ 530117.381396471289918, 184147.930280141765252 ], [ 530115.875678052427247, 184151.719619171693921 ], [ 530114.570584474364296, 184154.991098381520715 ], [ 530112.826155696995556, 184159.430854702251963 ], [ 530111.62014166417066, 184162.626979883410968 ], [ 530110.711452400195412, 184165.051786086289212 ], [ 530110.526219874154776, 184164.969145083916374 ], [ 530106.692466476000845, 184173.227798409352545 ], [ 530104.622041866998188, 184176.579815953678917 ], [ 530101.304865349899046, 184183.905856517143548 ], [ 530097.109226063126698, 184193.290267712494824 ], [ 530091.080673730466515, 184206.778346222185064 ], [ 530087.620289096026681, 184214.278768044780008 ], [ 530085.192735654069111, 184219.925075202947482 ], [ 530080.228788947686553, 184232.216396622650791 ], [ 530078.600780340144411, 184238.072363607119769 ], [ 530075.116626474540681, 184254.084872915584128 ], [ 530073.939456614316441, 184261.844101036724169 ], [ 530072.404189858469181, 184271.663906449568458 ], [ 530068.369643382262439, 184293.993978291400708 ], [ 530066.030797378858551, 184305.117393337597605 ], [ 530064.750481661176309, 184311.215953498729505 ], [ 530063.728625044459477, 184316.163854928163346 ], [ 530062.128020604723133, 184323.389235157635994 ], [ 530060.838021351723, 184329.053567780647427 ], [ 530058.984666992910206, 184337.20720020896988 ], [ 530057.556851544417441, 184343.646941687329672 ], [ 530056.359756454243325, 184348.935313570080325 ], [ 530057.72005061164964, 184360.298159979807679 ], [ 530055.915070082759485, 184370.355869096762035 ], [ 530052.034328418434598, 184391.833058981224895 ], [ 530050.551647333661094, 184400.686107168614399 ], [ 530047.940683425404131, 184417.288513490988407 ], [ 530046.323710377095267, 184427.050593797990587 ], [ 530043.727587725268677, 184443.887063793255948 ], [ 530043.21981528098695, 184446.644853370846249 ], [ 530040.75161976297386, 184459.30058677791385 ], [ 530037.726566563476808, 184475.54743125353707 ], [ 530035.636895941919647, 184486.699495858454611 ], [ 530032.857771505601704, 184501.472658299433533 ], [ 530028.849720057216473, 184522.779686019814108 ], [ 530025.758239306975156, 184538.913557751860935 ], [ 530023.664054441731423, 184550.24355390452547 ], [ 530019.82455157104414, 184570.119431322265882 ], [ 530016.895719061838463, 184585.322746599616949 ], [ 530014.214886529138312, 184599.241601954505313 ], [ 530009.83901431504637, 184621.640863309032284 ], [ 530006.683138048858382, 184637.58392424788326 ], [ 530002.194114444195293, 184660.881636650825385 ], [ 529998.459511003573425, 184680.459765747131314 ], [ 529995.696906380937435, 184695.678475688910112 ], [ 529993.045142529066652, 184709.820638499280903 ], [ 529989.728000518516637, 184726.916858857031912 ], [ 529987.884582090191543, 184737.129391041817144 ], [ 529984.934736385592259, 184752.888568093883805 ], [ 529982.899101593298838, 184763.56354289263254 ], [ 529979.69766869279556, 184778.581851679307874 ], [ 529975.970770712359808, 184795.968034562189132 ], [ 529973.33635225542821, 184808.352473244536668 ], [ 529971.24269821215421, 184817.501471272902563 ], [ 529969.109343534335494, 184826.304494751093443 ], [ 529968.063319392618723, 184830.305938393517863 ], [ 529966.749640480615199, 184833.922187122632749 ], [ 529964.749298664741218, 184839.156626235460863 ], [ 529962.746098350733519, 184843.689947742328513 ], [ 529959.472694091731682, 184849.871030560170766 ], [ 529956.968119456782006, 184854.747603438154329 ], [ 529954.90460802114103, 184858.656232299748808 ], [ 529953.390613668481819, 184861.154585411481094 ], [ 529951.405066260020249, 184864.186123373452574 ], [ 529947.085600965190679, 184870.307048797956668 ], [ 529943.876689804601483, 184875.054318447771948 ], [ 529940.354928751010448, 184879.826964003907051 ], [ 529936.197803245624527, 184885.840776697674301 ], [ 529933.84082173241768, 184889.018600131792482 ], [ 529930.452419398119673, 184893.46083479328081 ], [ 529928.630431210272945, 184895.795522629399784 ], [ 529925.504447371233255, 184899.743731274909806 ], [ 529921.301748682977632, 184905.099854279716965 ], [ 529919.900972841191106, 184906.69977086619474 ], [ 529918.553387394058518, 184908.390070847119205 ], [ 529913.745511361397803, 184913.808603314566426 ], [ 529908.690425477921963, 184919.398855952895246 ], [ 529903.924818225670606, 184924.250966297986452 ], [ 529902.080708780209534, 184926.095478051574901 ], [ 529898.991294781095348, 184928.887357188796159 ], [ 529893.263685021083802, 184933.648090823553503 ], [ 529887.236712745390832, 184938.178615881130099 ], [ 529883.490928670624271, 184940.864685741136782 ], [ 529880.293239109101705, 184943.008398561796639 ], [ 529878.168864259729162, 184944.689959050912876 ], [ 529871.976553938002326, 184948.90469504869543 ], [ 529865.103295901441015, 184953.70291092019761 ], [ 529856.073194568860345, 184959.82578795828158 ], [ 529850.272312872111797, 184963.928158800175879 ], [ 529826.608514023479074, 184979.891951822501142 ], [ 529818.711820655618794, 184985.376221437880304 ], [ 529818.097537709050812, 184985.794489834981505 ], [ 529815.019191286643036, 184987.885655588179361 ], [ 529810.913524144561961, 184990.540316254773643 ], [ 529809.872442093444988, 184991.370522175275255 ], [ 529804.907354973838665, 184996.161979120923206 ], [ 529801.858890731236897, 184999.255408545490354 ], [ 529796.892044147476554, 185004.658850588253699 ], [ 529792.663714456139132, 185009.669458021817263 ], [ 529779.347964955493808, 185024.952235796081368 ], [ 529777.683630333747715, 185026.823641794093419 ], [ 529772.406483488855883, 185032.697662201011553 ], [ 529768.757872607326135, 185036.743873929604888 ], [ 529766.362766136764549, 185039.520197227713652 ], [ 529765.392104816855863, 185040.852957925293595 ], [ 529763.95049384701997, 185042.696679363434669 ], [ 529762.590266006998718, 185044.342183511820622 ], [ 529757.836421799380332, 185051.186577707121614 ], [ 529754.307560284738429, 185056.248479696689174 ], [ 529752.599023473216221, 185058.764168899448123 ], [ 529750.854969852953218, 185061.312333707406651 ], [ 529748.976914514089003, 185063.94609491963638 ], [ 529747.921185248997062, 185065.621642180194613 ], [ 529746.34961102635134, 185068.207600642868783 ], [ 529745.442889940226451, 185069.753425309027079 ], [ 529744.711202598060481, 185071.236958418681752 ], [ 529744.09459876245819, 185072.289453814562876 ], [ 529743.738673342624679, 185072.914633299515117 ], [ 529743.002612225245684, 185074.297905661805999 ], [ 529742.660095380386338, 185075.212747760757338 ], [ 529741.756835567764938, 185077.437450212717522 ], [ 529741.223998676752672, 185078.469831848633476 ], [ 529740.671152727212757, 185080.013575518038124 ], [ 529737.022654534550384, 185089.757184933696408 ], [ 529733.092458632658236, 185100.751024316879921 ], [ 529726.283634099294432, 185119.327134377323091 ], [ 529720.565906503354199, 185136.473412722349167 ], [ 529718.863359687849879, 185141.470738273463212 ], [ 529716.968448258470744, 185147.208702558418736 ], [ 529716.022303293924779, 185149.755015610659029 ], [ 529712.133797710761428, 185159.392356757540256 ], [ 529710.261119259987026, 185165.075252937327605 ], [ 529704.0704150730744, 185179.015813959587831 ], [ 529701.849114836193621, 185184.767697155999485 ], [ 529700.190068154712208, 185190.778758735861629 ], [ 529699.974004348739982, 185192.175325154443271 ], [ 529700.016465200227685, 185202.458389005274512 ], [ 529699.619381111813709, 185209.581086034188047 ], [ 529699.103217091294937, 185222.720816502289381 ], [ 529698.665766776306555, 185234.137767870328389 ], [ 529698.010568824480288, 185242.94527689286042 ], [ 529697.36039395397529, 185247.212819577485789 ], [ 529696.181617799215019, 185251.533619977941271 ], [ 529694.435598992276937, 185256.062478496984113 ], [ 529692.042271057260223, 185260.674945097998716 ], [ 529688.946173205738887, 185265.369603390805423 ], [ 529680.243854580214247, 185276.341682516387664 ], [ 529676.631111707654782, 185280.622549677267671 ], [ 529672.683383818832226, 185284.438625127542764 ], [ 529668.869373974739574, 185288.180226144788321 ], [ 529665.808088363846764, 185290.427696737402584 ], [ 529659.609039038303308, 185295.744137659203261 ], [ 529650.897099247435108, 185302.209306572505739 ], [ 529648.515696123242378, 185304.184835981170181 ], [ 529632.853829238680191, 185315.491078911756631 ], [ 529618.482595338020474, 185325.973499346524477 ], [ 529610.249403385212645, 185332.4398337691091 ], [ 529599.355518880998716, 185341.497749440954067 ], [ 529592.47515780874528, 185347.420018740289379 ], [ 529585.260054788086563, 185353.411643168714363 ], [ 529581.855190276983194, 185357.163752328138798 ], [ 529578.71949957171455, 185360.154926772578619 ], [ 529569.395264799939469, 185370.232215561030898 ], [ 529561.893078112509102, 185378.77590633998625 ], [ 529554.931873714202084, 185386.509969805483706 ], [ 529547.117764921160415, 185395.045717799221165 ], [ 529543.924057513591833, 185398.680836127256043 ], [ 529538.452135461964644, 185404.872806844941806 ], [ 529534.734355121850967, 185408.928532643069047 ], [ 529532.157023804378696, 185411.789325800084043 ], [ 529530.76230128086172, 185413.434005453193095 ], [ 529529.904677399084903, 185414.69179794867523 ], [ 529528.075712957885116, 185416.770501730323303 ], [ 529524.586930744349957, 185420.008631470438559 ], [ 529514.288412157911807, 185429.671678807411809 ], [ 529499.905951421475038, 185442.791384491079953 ], [ 529497.176139470655471, 185445.648303059046157 ], [ 529494.026241655810736, 185448.92848279804457 ], [ 529489.095127697684802, 185453.776726688374765 ], [ 529486.576303083333187, 185456.249565659789369 ], [ 529480.039979635505006, 185462.837287294503767 ], [ 529468.361908198101446, 185474.646246062475257 ], [ 529460.555735655361786, 185482.881872415018734 ], [ 529457.549889126676135, 185486.499577871349175 ], [ 529455.766351346392184, 185489.247124460875057 ], [ 529443.347332116100006, 185503.184874549449887 ], [ 529434.763978281873278, 185513.336927360971458 ], [ 529428.092417448409833, 185521.968751591688488 ], [ 529423.169532282510772, 185528.67558432527585 ], [ 529416.200166799477302, 185537.833955538633745 ], [ 529413.451293503982015, 185541.714174443914089 ], [ 529411.97184822964482, 185544.235808849916793 ], [ 529410.0115784953814, 185548.202905950369313 ], [ 529407.394183212891221, 185554.000438642513473 ], [ 529406.038616634439677, 185557.649127494136337 ], [ 529401.901185626978986, 185568.649030574539211 ], [ 529399.273003692738712, 185575.414398431952577 ], [ 529398.223383295000531, 185577.946996495942585 ], [ 529396.110280620749108, 185583.011839716054965 ], [ 529394.856631803209893, 185585.92870412429329 ], [ 529394.26971555466298, 185587.182292261277325 ], [ 529393.102816259372048, 185589.689645496022422 ], [ 529392.33266702410765, 185591.32802992570214 ], [ 529391.98233264638111, 185592.009012201626319 ], [ 529391.12757777934894, 185593.700877842959017 ], [ 529390.039929139893502, 185595.820784217154142 ], [ 529389.485564805800095, 185596.886032569396775 ], [ 529387.726270527811721, 185600.045942101860419 ], [ 529387.234738036990166, 185600.823473484429996 ], [ 529384.869183236267418, 185604.635585827869363 ], [ 529384.120147578651085, 185605.718126572959591 ], [ 529381.699577659368515, 185609.239518337242771 ], [ 529380.503597890841775, 185610.711260128766298 ], [ 529378.928579613100737, 185612.629572526086122 ], [ 529378.001006244681776, 185613.640796220221091 ], [ 529376.849741321988404, 185614.991274538682774 ], [ 529374.270486378110945, 185617.662921571463812 ], [ 529372.341922904597595, 185619.572222370072268 ], [ 529369.680490182247013, 185621.930201997573022 ], [ 529366.609484941232949, 185624.299996950896457 ], [ 529365.076534818508662, 185625.38481120968936 ], [ 529358.368790476350114, 185629.731646210246254 ], [ 529353.184389660833403, 185632.826511761464644 ], [ 529347.865600627847016, 185635.751041980285663 ], [ 529333.532221168046817, 185642.629816592088901 ], [ 529319.643965970608406, 185649.464335419237614 ], [ 529310.856604280765168, 185653.758233693195507 ], [ 529296.42446364602074, 185659.889039552945178 ], [ 529283.48351647821255, 185665.757429434626829 ], [ 529276.67718027648516, 185669.078111631737556 ], [ 529268.845410878537223, 185673.440935030987021 ], [ 529261.83066295646131, 185678.136156093969475 ], [ 529258.223528285976499, 185681.404824053635821 ], [ 529253.863719501765445, 185685.900619673659094 ], [ 529250.119620855315588, 185690.189548253722023 ], [ 529243.617504898575135, 185699.271016883722041 ], [ 529230.034332826733589, 185721.647739836131223 ], [ 529210.850012874812819, 185754.508772486820817 ], [ 529175.623159408336505, 185820.27762688259827 ], [ 529168.822949763969518, 185830.998484079667833 ], [ 529164.739334826357663, 185836.914590681786649 ], [ 529156.361746111651883, 185850.744434646854643 ], [ 529150.060714357998222, 185862.023274717037566 ], [ 529140.226181419449858, 185879.955543868418317 ], [ 529134.096389590762556, 185892.14009874855401 ], [ 529123.612466249032877, 185914.06182150990935 ], [ 529106.657032910035923, 185949.338981660839636 ], [ 529091.321888635866344, 185981.463780231133569 ], [ 529087.750443376367912, 185988.795055085152853 ], [ 529080.631348600611091, 186003.614003682916518 ], [ 529077.346965426113456, 186010.841311277239583 ], [ 529076.313002362614498, 186013.040536510990933 ], [ 529075.609359035966918, 186014.524868178472389 ], [ 529074.551773093640804, 186016.834769199660514 ], [ 529062.892500297049992, 186042.443333544535562 ], [ 529060.258747295476496, 186047.817756830831058 ], [ 529043.348594634211622, 186086.256501661904622 ], [ 529037.773086202098057, 186098.755700891662855 ], [ 529029.750924696796574, 186116.367037156422157 ], [ 529017.505876142997295, 186143.207090210809838 ], [ 529008.485574835794978, 186162.161773925472517 ], [ 529000.249854522757232, 186179.723209712537937 ], [ 528998.122062009060755, 186183.207699034828693 ], [ 528995.401852010632865, 186187.622976405080408 ], [ 528993.598699220106937, 186190.06972327438416 ], [ 528990.730945215793326, 186194.013890913221985 ], [ 528984.868986168061383, 186201.965781695616897 ], [ 528980.300235076574609, 186208.159004471788649 ], [ 528976.309355455450714, 186214.26677226589527 ], [ 528972.01069459959399, 186221.56850374332862 ], [ 528968.916678339242935, 186227.320735581452027 ], [ 528967.019090490648523, 186231.300704245397355 ], [ 528964.846125614014454, 186237.109733696212061 ], [ 528963.031476305681281, 186242.738701987895183 ], [ 528962.003012050059624, 186246.362424587307032 ], [ 528960.605535071226768, 186252.224550192710012 ], [ 528958.488678120775148, 186261.284277788479812 ], [ 528957.818542035412975, 186265.273193374334369 ], [ 528957.424964426783845, 186269.569584688229952 ], [ 528957.286719946656376, 186273.916976563923527 ], [ 528957.310455055674538, 186278.71359107317403 ], [ 528957.200606101308949, 186293.677469933463726 ], [ 528957.266451417701319, 186321.37583166512195 ], [ 528957.800781081896275, 186336.100149848498404 ], [ 528957.605177925899625, 186343.795503092813306 ], [ 528958.037881163996644, 186349.693022045656107 ], [ 528958.489123849314637, 186362.501275548536796 ], [ 528958.897330662701279, 186367.452322964149062 ], [ 528959.853710083290935, 186374.030812036711723 ], [ 528961.029603435308672, 186379.613393888634164 ], [ 528962.689134978689253, 186385.542099254147615 ], [ 528964.168980880989693, 186389.808219541737344 ], [ 528967.410313194501214, 186398.993024409050122 ], [ 528971.57862966042012, 186410.727371660352219 ], [ 528974.335437948000617, 186419.054164289380424 ], [ 528976.675660401699133, 186427.670814419863746 ], [ 528978.379304786561988, 186434.5910083600902 ], [ 528980.35830340126995, 186447.0486415179912 ], [ 528981.507765621761791, 186456.669892486475874 ], [ 528983.13547360827215, 186466.303303146851249 ], [ 528983.61235371127259, 186469.097338142397348 ], [ 528983.746333262533881, 186470.647486800095066 ], [ 528984.371781661058776, 186476.327358625712804 ], [ 528984.649547695415094, 186482.588155934237875 ], [ 528984.957282627816312, 186487.670185168273747 ], [ 528985.107264136895537, 186490.500419734802563 ], [ 528985.626106319250539, 186499.827448550378904 ], [ 528985.654283057316206, 186501.719864287762903 ], [ 528985.606862728833221, 186509.040647876390722 ], [ 528985.521329834125936, 186512.131958034005947 ], [ 528985.215438930201344, 186516.797790915996302 ], [ 528984.297510712174699, 186522.894656353397295 ], [ 528982.339565543225035, 186533.616434612195008 ], [ 528980.116720450809225, 186546.301071454246994 ], [ 528978.902187755564228, 186552.880013009358663 ], [ 528978.160460956860334, 186555.320364420826081 ], [ 528975.737282872316428, 186564.427935949584935 ], [ 528975.140262623666786, 186566.905349634587765 ], [ 528974.639848965336569, 186569.12928366183769 ], [ 528973.232525911997072, 186575.380623231583741 ], [ 528971.10923979326617, 186584.696118394029327 ], [ 528970.693971296655945, 186586.29906934639439 ], [ 528969.675887305056676, 186590.334776624746155 ], [ 528968.855693997815251, 186594.49791904783342 ], [ 528968.268319431459531, 186598.233002318826038 ], [ 528967.891137013095431, 186601.88440810458269 ], [ 528967.837732428917661, 186605.621938663185574 ], [ 528967.920931794680655, 186607.259817412763368 ], [ 528968.485295826918446, 186614.796452195500024 ], [ 528968.743947795359418, 186619.899488747352734 ], [ 528969.704352674772963, 186635.591628060908988 ], [ 528970.620129970018752, 186647.310064486286137 ], [ 528972.797190517303534, 186659.33875924476888 ], [ 528975.017414977308363, 186673.760996827681083 ], [ 528975.761926300241612, 186679.121195636456832 ], [ 528976.282416424946859, 186686.745738732279278 ], [ 528976.329144666087814, 186690.363411732949317 ], [ 528976.109710593591444, 186696.811867362761404 ], [ 528975.540042922482826, 186702.305568482144736 ], [ 528974.716181147377938, 186706.61327635293128 ], [ 528973.422307164990343, 186711.676842078799382 ], [ 528970.822675371076912, 186721.180524014460389 ], [ 528968.748194199055433, 186727.759859728859738 ], [ 528967.395183366257697, 186731.330818664864637 ], [ 528966.37370551249478, 186733.864207828009967 ], [ 528962.004351970739663, 186744.235368630441371 ], [ 528957.110008661868051, 186756.707439179765061 ], [ 528955.111201759660617, 186761.675194715149701 ], [ 528953.486221521394327, 186765.851263484160881 ], [ 528952.50845645996742, 186768.029681591899134 ], [ 528949.809251975850202, 186774.359462289488874 ], [ 528947.972399448626675, 186778.685933733009733 ], [ 528945.799083597376011, 186784.517212689795997 ], [ 528944.687829407281242, 186788.127705054765102 ], [ 528942.545939435134642, 186794.905633834190667 ], [ 528941.72605182370171, 186797.967150761513039 ], [ 528937.933376904693432, 186811.301813623518683 ], [ 528934.493065304937772, 186825.235200246388558 ], [ 528930.875343868974596, 186843.147776358469855 ], [ 528929.353780028643087, 186853.079472504439764 ], [ 528927.084247279213741, 186868.155385424208362 ], [ 528924.081294322968461, 186886.98493010236416 ], [ 528922.247616079985164, 186898.010332145611756 ], [ 528919.635298027773388, 186914.568640106765088 ], [ 528917.060681307106279, 186934.009967526595574 ], [ 528914.273519373498857, 186954.447382394282613 ], [ 528912.619272164185531, 186967.691749033052474 ], [ 528912.648629736155272, 186971.175448241177946 ], [ 528912.464238690095954, 186985.525425142899621 ], [ 528910.694899386609904, 187000.024291480367538 ], [ 528906.743053668760695, 187020.721429203869775 ], [ 528904.496527181123383, 187029.165858344815206 ], [ 528902.385345557704568, 187036.923813776462339 ], [ 528894.442580601782538, 187065.943166846293025 ], [ 528893.70818008237984, 187068.917841194663197 ], [ 528886.661673472030088, 187094.05417600373039 ], [ 528884.274769473471679, 187102.840002408483997 ], [ 528882.298886735108681, 187111.825443648616783 ], [ 528881.210220587090589, 187115.369755242369138 ], [ 528879.648333504446782, 187119.525190935586579 ], [ 528875.498726205783896, 187132.183163138804957 ], [ 528872.484977658255957, 187139.439707108016592 ], [ 528868.996605783351697, 187147.362979973375332 ], [ 528865.900127148022875, 187154.328106556320563 ], [ 528864.070675929542631, 187158.643663013586774 ], [ 528862.070930309477262, 187162.565425925364252 ], [ 528857.973376800888218, 187168.537018198345322 ], [ 528852.12927033752203, 187174.197179645649157 ], [ 528843.02639853162691, 187183.112858250678983 ], [ 528841.217974493396468, 187185.236810322559904 ], [ 528835.227751843398437, 187193.37474253954133 ], [ 528834.617106245132163, 187195.028377913695294 ], [ 528834.31138878071215, 187196.689758824883029 ], [ 528834.306644551106729, 187198.514571772771887 ], [ 528834.480521535384469, 187200.132496676640585 ], [ 528834.874770606402308, 187202.356912027928047 ], [ 528835.745656621991657, 187204.927263938181568 ], [ 528837.492058423464186, 187209.066598033881746 ], [ 528839.870041355025023, 187215.914866233826615 ], [ 528842.740383793250658, 187232.590225561172701 ], [ 528815.240069996798411, 187249.974129094684031 ], [ 528763.309516116278246, 187285.933066658792086 ], [ 528749.976691513089463, 187294.585724855191074 ], [ 528726.54176881944295, 187308.100721027120017 ], [ 528699.448620541254058, 187321.222544154094066 ], [ 528688.362332290504128, 187325.792884699883871 ], [ 528684.613837155164219, 187326.76602716522757 ], [ 528663.327477974118665, 187331.044246699719224 ], [ 528630.221830024849623, 187338.450090126192663 ], [ 528611.396320650121197, 187343.31393462716369 ], [ 528540.894250791054219, 187367.109014971123543 ], [ 528508.047981193638407, 187375.790761145588476 ], [ 528499.066277661593631, 187378.86809176497627 ], [ 528446.632395273074508, 187393.229811963043176 ], [ 528399.019555405713618, 187408.359514777199365 ], [ 528387.242170400684699, 187412.857360571913887 ], [ 528369.96954823739361, 187420.498782429844141 ], [ 528313.441855792771094, 187453.908830209984444 ], [ 528314.41285462025553, 187456.915594005666208 ], [ 528310.49651341792196, 187466.174822202767245 ], [ 528307.097936574718915, 187468.125190723279957 ], [ 528306.962820453336462, 187467.710051168513019 ], [ 528295.904614177066833, 187473.939945506339427 ], [ 528295.841195964952931, 187474.528104001539759 ], [ 528267.943475421052426, 187477.049454218707979 ], [ 528260.537868583574891, 187477.318391749286093 ], [ 528260.491429959307425, 187476.961134220066015 ], [ 528238.481102705234662, 187477.828871044970583 ], [ 528238.60203947883565, 187476.062641466676723 ], [ 528226.35819001449272, 187478.178876598598436 ], [ 528217.806182447355241, 187478.263105305493809 ], [ 528215.219787121284753, 187477.986293293419294 ], [ 528212.317349003627896, 187477.044964904722292 ], [ 528194.781489356886595, 187480.307166212936863 ], [ 528167.320256903185509, 187483.396478991955519 ], [ 527964.520260943798348, 187503.568395289883483 ], [ 527962.912680190987885, 187501.324574279831722 ], [ 527960.49100326304324, 187500.840624471136834 ], [ 527957.837865243433043, 187501.285551813372876 ], [ 527955.253014375106432, 187502.321964601869695 ], [ 527954.350407486665063, 187503.467586657905485 ], [ 527953.995165681582876, 187504.905208003532607 ], [ 527836.895189568400383, 187517.408327807032038 ], [ 527836.994011577684432, 187517.889303852454759 ], [ 527814.130913321743719, 187520.417636956844945 ], [ 527814.108876588288695, 187519.916341499134433 ], [ 527807.882402459392324, 187520.727520893968176 ], [ 527803.938148311688565, 187520.127382674661931 ], [ 527790.119333268841729, 187519.267294879595283 ], [ 527781.057695841765963, 187520.318639983946923 ], [ 527778.699502471718006, 187519.791866576648317 ], [ 527777.450417641666718, 187519.003721893997863 ], [ 527776.512683973647654, 187517.967488252324983 ], [ 527775.819675440434366, 187516.02496117958799 ], [ 527768.512243365286849, 187516.530765613482799 ], [ 527767.81191919639241, 187521.208949597086757 ], [ 527767.094557352364063, 187523.26060186966788 ], [ 527766.393313587643206, 187524.122012099367566 ], [ 527764.061908641480841, 187525.009119589289185 ], [ 527722.070032145828009, 187529.648717236355878 ], [ 527722.117627988685854, 187529.961487284512259 ], [ 527714.82289217505604, 187530.790386676380876 ], [ 527714.796365029062144, 187530.467019735835493 ], [ 527703.114993416704237, 187531.741847127384972 ], [ 527690.912082229275256, 187532.525085239787586 ], [ 527609.976767838350497, 187581.329658910399303 ], [ 527596.956659494317137, 187586.487932836113032 ], [ 527582.53903569560498, 187591.522060991148464 ], [ 527576.55181256076321, 187592.751257075287867 ], [ 527559.804692629375495, 187591.985039207793307 ], [ 527491.456062356708571, 187577.102475371677428 ], [ 527485.50302839349024, 187575.317077798245009 ], [ 527464.219207176240161, 187570.208676709153224 ], [ 527449.998653550981544, 187567.68141352123348 ], [ 527375.84907045471482, 187556.805219652596861 ], [ 527354.619998222449794, 187554.480540478194598 ], [ 527295.766144163208082, 187554.672072180896066 ], [ 527263.327724448521622, 187566.32076947222231 ], [ 527262.581093252287246, 187564.020894204440992 ], [ 527257.860613109660335, 187565.616077432932798 ], [ 527258.699284723727033, 187567.840368959645275 ], [ 527250.698676466010511, 187570.555021737352945 ], [ 527249.282471889164299, 187569.239823693118524 ], [ 527244.993683067266829, 187570.211582347459625 ], [ 527244.508288170211017, 187572.146717360708863 ], [ 527221.249622463830747, 187578.862845012045 ], [ 527213.917541839531623, 187580.359171941468958 ], [ 527208.375888917362317, 187579.585898014600389 ], [ 527204.566726448945701, 187578.299710039340425 ], [ 527201.39433743536938, 187576.50650380802108 ], [ 527185.88312469702214, 187581.202744936337695 ], [ 527184.186210321844555, 187584.720989155641291 ], [ 527179.15674095437862, 187589.791402936971281 ], [ 527176.208576024626382, 187591.77605854650028 ], [ 527171.147959798108786, 187593.941420820483472 ], [ 527143.455124626401812, 187600.524452384852339 ], [ 527129.718572314712219, 187601.370728396927007 ], [ 527112.007587942178361, 187601.438645439862739 ], [ 527104.099258586764336, 187601.307198313064873 ], [ 527092.705460620811209, 187600.253852027351968 ], [ 527049.736177658080123, 187594.982131180528086 ], [ 526956.480791866080835, 187579.505185461021028 ], [ 526943.763547537615523, 187576.749924381205346 ], [ 526938.80920886003878, 187576.058412775339093 ], [ 526919.830857057939284, 187570.798602291150019 ], [ 526889.986038135597482, 187561.695049830887001 ], [ 526870.234174294862896, 187554.090433803270571 ], [ 526843.566328948596492, 187541.327809243521187 ], [ 526838.18610965332482, 187538.255594997957814 ], [ 526832.283493030117825, 187533.890663165831938 ], [ 526830.267907699453644, 187532.415940167848021 ], [ 526799.29227109788917, 187506.126104506722186 ], [ 526795.118523636600003, 187500.279981674160808 ], [ 526792.855577498557977, 187496.217518289166037 ], [ 526791.5618016080698, 187490.554675685008988 ], [ 526791.71991952531971, 187488.945146217709407 ], [ 526783.595877689076588, 187483.567777476913761 ], [ 526781.770697005442344, 187481.964305568078998 ], [ 526777.929833458038047, 187479.720691140217241 ], [ 526774.011113145388663, 187480.869009984889999 ], [ 526769.447528411168605, 187479.797975037188735 ], [ 526761.696189973386936, 187475.598342616518494 ], [ 526737.587037441786379, 187453.096965781296603 ], [ 526707.815767625113949, 187420.194736130710226 ], [ 526682.903186944196932, 187374.038858076091856 ], [ 526675.967231951537542, 187356.618064956273884 ], [ 526671.710237982217222, 187341.32277007115772 ], [ 526669.503962132032029, 187331.09717697580345 ], [ 526667.101376166334376, 187315.959476774849463 ], [ 526665.745399998850189, 187302.505906769016292 ], [ 526665.868808705359697, 187265.910805173742119 ], [ 526667.364617285784334, 187253.496545014670119 ], [ 526667.281903647468425, 187249.866930737509392 ], [ 526659.357225972809829, 187250.091869739233516 ], [ 526658.338698186678812, 187227.288547478034161 ], [ 526647.155746002914384, 187214.145970400015358 ], [ 526638.91712491819635, 187203.057619037106633 ], [ 526635.589190011145547, 187198.312128614634275 ], [ 526630.872319365036674, 187189.759759966807906 ], [ 526622.798073229147121, 187176.806131473800633 ], [ 526589.003566159051843, 187194.701190734165721 ], [ 526573.822957061114721, 187195.023364090535324 ], [ 526569.858300413587131, 187207.732110949640628 ], [ 526521.12001814134419, 187232.87700887065148 ], [ 526518.925914320163429, 187235.214676313509699 ], [ 526518.498937061289325, 187240.100097495713271 ], [ 526471.823345203418285, 187263.472002096532378 ], [ 526450.307206622790545, 187273.718013213539962 ], [ 526397.371617329539731, 187282.301945967017673 ], [ 526393.300941630150191, 187283.702705083938781 ], [ 526387.276858723722398, 187287.52507857978344 ], [ 526360.108239325461909, 187310.071069597208407 ], [ 526361.648315710714087, 187306.982632950821426 ], [ 526365.637135778670199, 187301.073203404375818 ], [ 526367.275600265245885, 187295.98428328713635 ], [ 526367.908938242588192, 187290.603262427786831 ], [ 526367.83842211146839, 187281.46589062694693 ], [ 526366.001040384289809, 187273.386112728156149 ], [ 526362.808986104908399, 187266.518856750277337 ], [ 526359.413211687933654, 187261.983286600210704 ], [ 526353.10847237566486, 187257.030299968842883 ], [ 526348.889981713145971, 187254.621834472811315 ], [ 526327.507898673880845, 187247.802235516428482 ], [ 526318.936212179483846, 187245.608068386965897 ], [ 526221.396234708488919, 187216.407211492478382 ], [ 526198.301162705756724, 187213.206459407869261 ], [ 526181.90145529457368, 187211.808104078168981 ], [ 526163.90151471097488, 187211.738667924713809 ], [ 526165.398734852205962, 187207.302693926088978 ], [ 526171.204104281612672, 187194.428039844613522 ], [ 526175.144577450817451, 187183.765862623928115 ], [ 526176.369743604212999, 187182.182866678223945 ], [ 526170.922757793683559, 187178.698018858791329 ], [ 526117.5269585569622, 187135.21946980728535 ], [ 526105.377917116507888, 187124.613434023864102 ], [ 526102.703241177136078, 187122.021017645893153 ], [ 526087.997466487926431, 187103.795961346360855 ], [ 526074.201725014601834, 187090.244822482345626 ], [ 526050.342286258703098, 187068.943761491391342 ], [ 526019.970237527741119, 187042.651727742108051 ], [ 526013.128175724879839, 187037.25187225069385 ], [ 525996.808843344333582, 187026.731680936005432 ], [ 525991.405561750056222, 187022.313423727988265 ], [ 525982.526694106752984, 187016.273269431781955 ], [ 526002.766223896993324, 186995.722983967629261 ], [ 525994.269550720229745, 186986.020267737505492 ], [ 525996.817230797372758, 186983.680035120632965 ], [ 525977.76328192546498, 186961.797695042041596 ], [ 525961.261913185473531, 186952.730798162578139 ], [ 525941.49533058248926, 186945.574687666085083 ], [ 525923.928891307325102, 186940.298164034727961 ], [ 525911.502401852281764, 186935.80580070533324 ], [ 525900.042966609820724, 186932.583736978413071 ], [ 525890.917862190515734, 186928.351405104796868 ], [ 525875.196757785393856, 186923.042961358500179 ], [ 525846.043385140830651, 186911.848747688985895 ], [ 525817.803991487715393, 186899.308710535231512 ], [ 525814.197083818144165, 186897.105048020603135 ], [ 525767.814633580157533, 186854.416401095688343 ], [ 525762.715401548775844, 186850.306381326401606 ], [ 525760.529918299638666, 186847.270065824850462 ], [ 525759.284735154593363, 186837.914466885733418 ], [ 525756.725947515806183, 186831.753237598051783 ], [ 525754.572327443747781, 186822.67555837938562 ], [ 525750.672058434109204, 186814.678444856195711 ], [ 525746.987645934452303, 186810.00263889686903 ], [ 525740.187586600193754, 186805.961756944190711 ], [ 525720.712161997915246, 186795.698101017449517 ], [ 525714.199109485605732, 186794.346061526739504 ], [ 525708.247906120028347, 186792.429331227205694 ], [ 525702.296573890489526, 186789.678053260606248 ], [ 525698.188517812290229, 186786.983584168192465 ], [ 525684.516230323933996, 186775.650991295231506 ], [ 525668.221525223809294, 186767.435894858848769 ], [ 525663.836305983248167, 186763.61072650848655 ], [ 525648.179967749281786, 186748.379026152309962 ], [ 525644.174939538119361, 186745.442353682243265 ], [ 525639.052497204742394, 186743.101140966813546 ], [ 525631.177494101691991, 186741.014457564859185 ], [ 525621.833215654478408, 186739.169585590076167 ], [ 525611.984228868852369, 186738.102275249664672 ], [ 525606.674313146271743, 186735.489397705940064 ], [ 525603.911419553682208, 186733.640612357470673 ], [ 525597.959755780990236, 186726.41626125673065 ], [ 525594.893674592021853, 186721.967303373327013 ], [ 525592.900706856511533, 186717.311241087445524 ], [ 525586.128409309661947, 186708.497633146995213 ], [ 525576.140495563740842, 186701.273535449057817 ], [ 525570.4765632704366, 186688.025323489564471 ], [ 525563.743772260379046, 186677.332206311868504 ], [ 525562.186297068605199, 186672.731446824851446 ], [ 525561.762076385202818, 186664.653624982689507 ], [ 525560.486284939339384, 186657.077711175079457 ], [ 525557.513831222313456, 186648.00212343968451 ], [ 525554.121387039427646, 186642.165326534828637 ], [ 525553.296411071205512, 186637.949902019638103 ], [ 525553.110847155447118, 186629.75558791711228 ], [ 525553.519533397746272, 186617.725921905890573 ], [ 525552.620560136623681, 186610.61555846570991 ], [ 525551.881751417182386, 186607.681911127117928 ], [ 525549.401716101448983, 186585.432622013613582 ], [ 525548.861327091814019, 186574.481075566844083 ], [ 525547.78972191689536, 186570.982826451654546 ], [ 525549.313678716425784, 186569.373695080110338 ], [ 525545.322463503689505, 186559.705412486684509 ], [ 525544.0839207948884, 186539.411882359185256 ], [ 525544.007015228504315, 186535.793594880204182 ], [ 525546.074775573331863, 186519.776891665067524 ], [ 525545.91920207941439, 186496.917493603017647 ], [ 525544.655539619037881, 186489.408652792568319 ], [ 525542.883082082611509, 186483.122356101521291 ], [ 525542.240024605533108, 186479.401040458178613 ], [ 525538.597294717445038, 186456.766919610265177 ], [ 525538.314114030566998, 186451.67472057644045 ], [ 525535.973299983656034, 186448.456635226379149 ], [ 525534.502265089191496, 186447.084955597121734 ], [ 525532.390951419714838, 186411.046917864470743 ], [ 525530.407037192722782, 186405.456417924026027 ], [ 525525.538601540378295, 186384.984070829406846 ], [ 525523.196795252384618, 186376.758669592614751 ], [ 525520.921127817360684, 186365.018669574928936 ], [ 525516.660895145498216, 186337.339745564153418 ], [ 525512.350239255814813, 186327.396543914044742 ], [ 525507.0031056124717, 186319.820082424674183 ], [ 525502.627210627659224, 186315.31654041830916 ], [ 525493.363246733671986, 186308.789321568969171 ], [ 525483.51713820034638, 186302.804088871867862 ], [ 525476.745114249293692, 186299.276149636600167 ], [ 525468.665702001657337, 186296.45029160840204 ], [ 525461.932893287856132, 186294.981897737365216 ], [ 525457.575500505277887, 186294.495818740513641 ], [ 525442.200578870833851, 186293.603799518721644 ], [ 525402.943353543407284, 186289.751356298511382 ], [ 525380.557350161951035, 186265.252108454180416 ], [ 525373.270601271186024, 186257.850413804524578 ], [ 525364.047923985985108, 186249.922421075578313 ], [ 525354.238308764179237, 186242.169109287206084 ], [ 525343.427707058959641, 186235.348037541378289 ], [ 525331.740145946387202, 186228.649982123228256 ], [ 525311.7637674883008, 186218.609326968202367 ], [ 525301.601697756443173, 186208.83337510866113 ], [ 525289.107386586489156, 186215.701941833540332 ], [ 525284.250243705580942, 186213.823888306738809 ], [ 525272.29003536934033, 186207.208261202380527 ], [ 525264.064000065438449, 186201.040928031608928 ], [ 525262.067261377698742, 186200.16821088216966 ], [ 525250.54189158778172, 186193.073771703755483 ], [ 525247.677684482303448, 186186.883049695345107 ], [ 525247.733548033167608, 186176.191090130829252 ], [ 525230.005082435323857, 186166.106117692543194 ], [ 525208.082279228838161, 186162.972411216935143 ], [ 525199.088683529873379, 186163.451500467665028 ], [ 525190.399266404099762, 186165.095349849958438 ], [ 525174.767609399976209, 186168.971434214676265 ], [ 525142.8712309532566, 186181.303702709265053 ], [ 525107.718227889738046, 186190.139784875907935 ], [ 525105.981485765078105, 186184.065969140152447 ], [ 525097.80392902623862, 186186.612778909446206 ], [ 525095.372783890576102, 186178.040460690739565 ], [ 525092.244720443035476, 186178.886903387552593 ], [ 525091.255803865962662, 186175.112625475914683 ], [ 525088.372534958529286, 186175.876087568816729 ], [ 525087.479362392565235, 186172.43798968475312 ], [ 525086.674837965751067, 186172.718592060671654 ], [ 525086.351256683235988, 186170.652066174778156 ], [ 525086.835013318108395, 186170.441446688724682 ], [ 525086.181461386033334, 186168.255513007112313 ], [ 525087.004627917893231, 186154.277677493344527 ], [ 525087.810168883879669, 186127.792335531499702 ], [ 525087.620511314133182, 186111.853383200068492 ], [ 525093.346973013598472, 186112.517544812348206 ], [ 525094.583291463670321, 186093.598253407108132 ], [ 525093.792737004114315, 186093.311707853106782 ], [ 525094.697871032636613, 186072.915449792461004 ], [ 525096.203124731080607, 186063.906075954495464 ], [ 525105.106926158303395, 186031.912103363312781 ], [ 525110.152517808834091, 186020.530894115683623 ], [ 525087.051192939979956, 186009.468307685747277 ], [ 525086.564523778157309, 186009.233764470962342 ], [ 525081.3311132628005, 186002.3504897824605 ], [ 525072.335681233322248, 185999.235656257893424 ], [ 525066.923867551609874, 185995.930985641956795 ], [ 525049.20178823871538, 185981.607350426085759 ], [ 525019.975046255858615, 186010.263171297148801 ], [ 525004.823989546275698, 185994.055768249207176 ], [ 524993.242833783617243, 185979.338389791955706 ], [ 524987.193883546045981, 185965.29141781758517 ], [ 524985.316715156426653, 185955.898267330427188 ], [ 524983.903527761576697, 185945.971309971180744 ], [ 524982.15833236486651, 185921.926790723227896 ], [ 524981.772579349461012, 185905.204122417664621 ], [ 524980.188238310045563, 185899.690480137185659 ], [ 524971.325553681934252, 185884.41699561238056 ], [ 524955.472810150473379, 185864.008629172225483 ], [ 524935.084971039439552, 185826.36378993128892 ], [ 524931.79983919870574, 185821.186619032698218 ], [ 524928.386528980685398, 185817.552985183137935 ], [ 524925.921811441890895, 185813.141543848381843 ], [ 524919.81569419358857, 185793.229194411542267 ], [ 524914.643009924213402, 185779.070374800241552 ], [ 524911.822167426114902, 185765.737235271197278 ], [ 524912.058293084381148, 185748.81847650691634 ], [ 524913.58319830079563, 185736.182057895697653 ], [ 524917.519193158484995, 185724.784482152899727 ], [ 524925.099748754408211, 185699.178092886286322 ], [ 524926.215696445782669, 185694.420841015235055 ], [ 524927.100969139952213, 185681.846570022345986 ], [ 524926.744065309641883, 185680.847457079798914 ], [ 524880.953559941030107, 185677.328027835930698 ], [ 524844.143900907482021, 185671.904644497146364 ], [ 524817.200557748321444, 185664.109292253036983 ], [ 524784.813924690242857, 185652.007513764547184 ], [ 524732.692114294506609, 185639.098138903966174 ], [ 524700.571855565183796, 185629.974434501898941 ], [ 524644.179776447708718, 185615.814949439722113 ], [ 524601.204767553368583, 185608.060989642632194 ], [ 524553.28962791338563, 185586.510779840114992 ], [ 524544.501234846306033, 185585.093346852459945 ], [ 524539.413532794918865, 185582.965585856873076 ], [ 524536.310100050410256, 185580.819760961574502 ], [ 524528.162844172213227, 185578.149586529645603 ], [ 524495.893998609972186, 185573.64136080868775 ], [ 524493.76048618729692, 185573.522257966280449 ], [ 524484.914754988392815, 185573.027082777349278 ], [ 524482.890113940928131, 185579.497972167213447 ], [ 524481.351254009176046, 185587.939169737917837 ], [ 524477.416269700275734, 185603.009055042290129 ], [ 524478.21258338179905, 185622.011633598827757 ], [ 524476.463011356652714, 185657.141877653019037 ], [ 524474.323710523662157, 185674.79281899187481 ], [ 524468.856666852720082, 185696.334557155903894 ], [ 524463.359987217001617, 185693.351168326800689 ], [ 524461.55815493373666, 185691.871563400898594 ], [ 524459.277799052302726, 185691.237019188760314 ], [ 524448.706144017982297, 185689.286411825334653 ], [ 524432.444940881454386, 185687.407729297701735 ], [ 524429.403533662785776, 185684.996436207380611 ], [ 524418.120782650541514, 185678.099098564533051 ], [ 524412.482569130836055, 185674.94538850011304 ], [ 524405.44677728030365, 185671.646150653774384 ], [ 524337.379466284415685, 185644.797038171731401 ], [ 524307.999874318134971, 185632.504977555363439 ], [ 524273.001216427481268, 185614.000031053088605 ], [ 524271.830656598322093, 185613.081189194519538 ], [ 524245.00266852194909, 185646.99651109270053 ], [ 524232.772856032534037, 185663.755102867318783 ], [ 524223.582639768777881, 185677.33898448466789 ], [ 524187.716802123468369, 185725.164897198555991 ], [ 524104.896369844442233, 185675.603360383945983 ], [ 524077.041149290336762, 185657.408011279825587 ], [ 524061.555630359100178, 185644.222013546503149 ], [ 524061.961504747916479, 185643.508668751164805 ], [ 524044.217765121604316, 185628.776477757375687 ], [ 524027.001846207189374, 185611.742798626830336 ], [ 524026.543096960405819, 185612.065402326872572 ], [ 524012.044805312354583, 185597.924503037997056 ], [ 524012.358792611514218, 185597.564978904090822 ], [ 524002.80210284597706, 185588.696755731827579 ], [ 524002.435242133564316, 185589.233023407869041 ], [ 523998.092200194252655, 185585.577331315726042 ], [ 523992.918482596811373, 185580.432559070002753 ], [ 523993.208948213839903, 185579.616244598117191 ], [ 523984.803240102133714, 185571.900025780254509 ], [ 523950.988729711389169, 185545.748542552813888 ] ] ] } }
]
}
